SampleID,Site,Datetime,doy,yearS,Temperature,DO_mgl,DO_perctsat,SpC_field,pH_field,pH_lab,ANC_H,ANC_CACO3,SpC_lab,Fl,Chloride,Br,Nitrate,Phosphate_P,Sulfate,Ammonium_N,Nitrate_plus_Nitrite_N,TP,TN,P_PO4,Al,Ca,Fe,K,Mg,Mn,Na,Si,Sr,DOC,FInew,Abs254,FDOM_lab,HIX,SlopeRatio,pnum,pdenom,Fmax370,MaxFluor313,T280,FAem,FAex,HAem,HAex,Beta1,Alpha,Freshness_Index,d2H,d18O,d17O,F_Modern,Fm_Err,Age,Age_Err,d13C,d13C_Source,D14C,DOC_Conc,Fluoresence_Index,Peak_370,TDS,Turbidity,As,Ba,Cr,Cu,Mo,Ni,Pb,Sb,Se,V,Zn
NA,stream_gauge,2016-04-18T20:00:00Z,109,2016,NA,NA,NA,NA,NA,NA,NA,NA,NA,NA,0.87,NA,0.37,NA,6.58,NA,NA,NA,NA,NA,0.01211,13.66589,0,0.20482,0.28734,0,0.86104,NA,NA,1.7,1.71,NA,NA,NA,NA,NA,NA,NA,NA,NA,NA,NA,NA,NA,NA,NA,NA,-126.96,-17.17,NA,NA,NA,NA,NA,NA,NA,NA,NA,NA,NA,NA,NA,0.00337,0.00375,0,0,8.7e-4,8.8e-4,0,0.00128,0,0,0.00247
NA,stream_gauge,2016-04-21T23:00:00Z,112,2016,NA,NA,NA,NA,NA,NA,NA,NA,NA,NA,NA,NA,NA,NA,NA,NA,NA,NA,NA,NA,NA,NA,NA,NA,NA,NA,NA,NA,NA,0.33,1.63,NA,NA,NA,NA,NA,NA,NA,NA,NA,NA,NA,NA,NA,NA,NA,NA,-122.12,-16.88,NA,NA,NA,NA,NA,NA,NA,NA,NA,NA,NA,NA,NA,NA,NA,NA,NA,NA,NA,NA,NA,NA,NA,NA
NA,terminus,2016-05-08T01:15:00Z,128,2016,NA,NA,NA,NA,NA,NA,NA,NA,NA,NA,0.59,NA,0.29,NA,4.56,NA,NA,NA,NA,NA,0.01279,9.57307,0,0.10663,0.18944,0,0.63058,NA,NA,1.6,1.73,NA,NA,NA,NA,NA,NA,NA,NA,NA,NA,NA,NA,NA,NA,NA,NA,-126.21,-17.11,NA,NA,NA,NA,NA,NA,NA,NA,NA,NA,NA,NA,NA,0.00222,0.0024,0,0,6.6e-4,3.9e-4,0,8.5e-4,0,0,3.1e-4
NA,terminus,2016-05-11T01:00:00Z,131,2016,NA,NA,NA,NA,NA,NA,NA,NA,NA,NA,NA,NA,NA,NA,NA,NA,NA,NA,NA,NA,NA,NA,NA,NA,NA,NA,NA,NA,NA,NA,NA,NA,NA,NA,NA,NA,NA,NA,NA,NA,NA,NA,NA,NA,NA,NA,NA,-121.02,-16.74,NA,NA,NA,NA,NA,NA,NA,NA,NA,NA,NA,NA,NA,NA,NA,NA,NA,NA,NA,NA,NA,NA,NA,NA
NA,terminus,2016-05-11T01:55:00Z,131,2016,0.6,NA,NA,62,8.68,NA,NA,NA,NA,NA,NA,NA,NA,NA,NA,NA,NA,NA,NA,NA,NA,NA,NA,NA,NA,NA,NA,NA,NA,0.31,1.68,NA,NA,NA,NA,NA,NA,NA,NA,NA,NA,NA,NA,NA,NA,NA,NA,-125.47,-16.89,NA,NA,NA,NA,NA,NA,NA,NA,NA,NA,NA,31,NA,NA,NA,NA,NA,NA,NA,NA,NA,NA,NA,NA
NA,terminus,2016-05-11T19:13:00Z,132,2016,0.7,NA,NA,54,8.15,NA,NA,NA,NA,NA,0,NA,NA,NA,23.71,NA,NA,NA,NA,NA,0,9.22329,0,0.10117,0.20585,0,0.60329,NA,NA,0.42,1.71,NA,NA,NA,NA,NA,NA,NA,NA,NA,NA,NA,NA,NA,NA,NA,NA,-127.27,-17.25,NA,NA,NA,NA,NA,NA,NA,NA,NA,NA,NA,27,NA,0.00221,0.00302,0,4.2e-4,5.1e-4,0,0,0.00237,0,0,0.0024
NA,stream_gauge,2016-05-11T21:05:00Z,132,2016,1,NA,NA,53,7.91,NA,NA,NA,NA,NA,NA,NA,NA,NA,NA,NA,NA,NA,NA,NA,NA,NA,NA,NA,NA,NA,NA,NA,NA,0.57,1.55,NA,NA,NA,NA,NA,NA,NA,NA,NA,NA,NA,NA,NA,NA,NA,NA,-117.88,-16.91,NA,NA,NA,NA,NA,NA,NA,NA,NA,NA,NA,24,NA,NA,NA,NA,NA,NA,NA,NA,NA,NA,NA,NA
NA,lake_inlet,2016-05-12T18:15:00Z,133,2016,0.5,NA,NA,35,6.65,NA,NA,NA,NA,NA,0,NA,0,NA,1.46,NA,NA,NA,NA,NA,0.0152,7.39116,0,0.05942,0.16273,0,0.61787,NA,NA,0.96,1.43,NA,NA,NA,NA,NA,NA,NA,NA,NA,NA,NA,NA,NA,NA,NA,NA,-130.74,-17.76,NA,NA,NA,NA,NA,NA,NA,NA,NA,NA,NA,22,NA,7.1e-4,0.00379,0,0,2.8e-4,0,0,8.3e-4,0,0,0.00528
NA,terminus,2016-05-12T20:00:00Z,133,2016,0.6,NA,NA,53,7.53,NA,NA,NA,NA,NA,0.8,NA,0.29,NA,4.8,NA,NA,NA,NA,NA,0.02715,9.14043,0,0.43676,0.2014,0,0.83732,NA,NA,0.24,1.79,NA,NA,NA,NA,NA,NA,NA,NA,NA,NA,NA,NA,NA,NA,NA,NA,-124.61,-16.86,NA,NA,NA,NA,NA,NA,NA,NA,NA,NA,NA,27,NA,0.00349,0.00243,0,0,0.00119,6.5e-4,0,8.6e-4,0,0,0.01139
NA,lake_inlet,2016-05-13T00:00:00Z,133,2016,0.4,NA,NA,39,7.03,NA,NA,NA,NA,NA,0.64,NA,0.29,NA,2.14,NA,NA,NA,NA,NA,0.02286,6.6667,0,0,0.1212,0,0.58657,NA,NA,0.94,1.39,NA,NA,NA,NA,NA,NA,NA,NA,NA,NA,NA,NA,NA,NA,NA,NA,-131.76,-18.05,NA,NA,NA,NA,NA,NA,NA,NA,NA,NA,NA,19,NA,5.7e-4,0.00375,0,0,0,3.3e-4,0,0,0,0,0.00311
NA,terminus,2016-05-13T16:40:00Z,134,2016,0.6,NA,NA,51,7.84,NA,NA,NA,NA,NA,NA,NA,NA,NA,NA,NA,NA,NA,NA,NA,NA,NA,NA,NA,NA,NA,NA,NA,NA,0.21,1.75,NA,NA,NA,NA,NA,NA,NA,NA,NA,NA,NA,NA,NA,NA,NA,NA,-120.22,-16.12,NA,NA,NA,NA,NA,NA,NA,NA,NA,NA,NA,26,NA,NA,NA,NA,NA,NA,NA,NA,NA,NA,NA,NA
NA,supraglacial,2016-05-13T20:00:00Z,134,2016,NA,NA,NA,NA,NA,NA,NA,NA,NA,NA,NA,NA,NA,NA,NA,NA,NA,NA,NA,NA,NA,NA,NA,NA,NA,NA,NA,NA,NA,NA,NA,NA,NA,NA,NA,NA,NA,NA,NA,NA,NA,NA,NA,NA,NA,NA,NA,NA,NA,NA,NA,NA,NA,NA,NA,NA,NA,NA,NA,NA,NA,NA,NA,NA,NA,NA,NA,NA,NA,NA,NA,NA,NA
NA,cabin_stream,2016-05-14T00:03:00Z,134,2016,0.8,NA,NA,60,8.08,NA,NA,NA,NA,NA,NA,NA,NA,NA,NA,NA,NA,NA,NA,NA,NA,NA,NA,NA,NA,NA,NA,NA,NA,0.72,1.62,NA,NA,NA,NA,NA,NA,NA,NA,NA,NA,NA,NA,NA,NA,NA,NA,-134.37,-18.21,NA,NA,NA,NA,NA,NA,NA,NA,NA,NA,NA,30,NA,NA,NA,NA,NA,NA,NA,NA,NA,NA,NA,NA
NA,surface_snow,2016-05-14T01:30:00Z,134,2016,NA,NA,NA,NA,NA,NA,NA,NA,NA,NA,NA,NA,NA,NA,NA,NA,NA,NA,NA,NA,NA,NA,NA,NA,NA,NA,NA,NA,NA,NA,NA,NA,NA,NA,NA,NA,NA,NA,NA,NA,NA,NA,NA,NA,NA,NA,NA,-138.39,-18.66,NA,NA,NA,NA,NA,NA,NA,NA,NA,NA,NA,NA,NA,NA,NA,NA,NA,NA,NA,NA,NA,NA,NA,NA
NA,nellie_juan,2016-05-14T19:15:00Z,135,2016,3.2,NA,NA,39,7.77,NA,NA,NA,NA,NA,0.54,NA,0.45,NA,2.82,NA,NA,NA,NA,NA,0.0259,5.95642,0,0.10924,0.24624,0,0.53473,NA,NA,2.52,1.49,NA,NA,NA,NA,NA,NA,NA,NA,NA,NA,NA,NA,NA,NA,NA,NA,-113.21,-15.52,NA,NA,NA,NA,NA,NA,NA,NA,NA,NA,NA,20,NA,4.5e-4,0.00279,0,0,0,4e-4,0,0,0,0,0.00598
NA,nellie_juan,2016-05-14T19:30:00Z,135,2016,NA,NA,NA,NA,NA,NA,NA,NA,NA,NA,NA,NA,NA,NA,NA,NA,NA,NA,NA,NA,NA,NA,NA,NA,NA,NA,NA,NA,NA,NA,NA,NA,NA,NA,NA,NA,NA,NA,NA,NA,NA,NA,NA,NA,NA,NA,NA,-109.73,-13.93,NA,NA,NA,NA,NA,NA,NA,NA,NA,NA,NA,NA,NA,NA,NA,NA,NA,NA,NA,NA,NA,NA,NA,NA
NA,nellie_juan_delta_iso,2016-05-14T19:35:00Z,135,2016,NA,NA,NA,NA,NA,NA,NA,NA,NA,NA,NA,NA,NA,NA,NA,NA,NA,NA,NA,NA,NA,NA,NA,NA,NA,NA,NA,NA,NA,NA,NA,NA,NA,NA,NA,NA,NA,NA,NA,NA,NA,NA,NA,NA,NA,NA,NA,-112.69,-15.36,NA,NA,NA,NA,NA,NA,NA,NA,NA,NA,NA,NA,NA,NA,NA,NA,NA,NA,NA,NA,NA,NA,NA,NA
NA,nellie_juan_delta_iso,2016-05-14T19:40:00Z,135,2016,NA,NA,NA,NA,NA,NA,NA,NA,NA,NA,NA,NA,NA,NA,NA,NA,NA,NA,NA,NA,NA,NA,NA,NA,NA,NA,NA,NA,NA,NA,NA,NA,NA,NA,NA,NA,NA,NA,NA,NA,NA,NA,NA,NA,NA,NA,NA,-117.85,-16.26,NA,NA,NA,NA,NA,NA,NA,NA,NA,NA,NA,NA,NA,NA,NA,NA,NA,NA,NA,NA,NA,NA,NA,NA
NA,stream_gauge,2016-05-14T19:45:00Z,135,2016,0.9,NA,NA,43,7.75,NA,NA,NA,NA,NA,0.61,NA,0.3,NA,3.24,NA,NA,NA,NA,NA,0.02401,7.51732,0,0.1734,0.15131,0,0.51283,NA,NA,0.56,1.44,NA,NA,NA,NA,NA,NA,NA,NA,NA,NA,NA,NA,NA,NA,NA,NA,-123.45,-17,NA,NA,NA,NA,NA,NA,NA,NA,NA,NA,NA,22,NA,0.00207,0.0022,0,0,0,4.5e-4,0,0,0,0,0.00313
NA,stream_gauge,2016-05-14T19:49:00Z,135,2016,NA,NA,NA,NA,NA,NA,NA,NA,NA,NA,NA,NA,NA,NA,NA,NA,NA,NA,NA,NA,NA,NA,NA,NA,NA,NA,NA,NA,NA,NA,NA,NA,NA,NA,NA,NA,NA,NA,NA,NA,NA,NA,NA,NA,NA,NA,NA,-128.44,-17.48,NA,NA,NA,NA,NA,NA,NA,NA,NA,NA,NA,NA,NA,NA,NA,NA,NA,NA,NA,NA,NA,NA,NA,NA
NA,nellie_juan_delta_iso,2016-05-14T20:00:00Z,135,2016,NA,NA,NA,NA,NA,NA,NA,NA,NA,NA,NA,NA,NA,NA,NA,NA,NA,NA,NA,NA,NA,NA,NA,NA,NA,NA,NA,NA,NA,NA,NA,NA,NA,NA,NA,NA,NA,NA,NA,NA,NA,NA,NA,NA,NA,NA,NA,-118.54,-16.42,NA,NA,NA,NA,NA,NA,NA,NA,NA,NA,NA,NA,NA,NA,NA,NA,NA,NA,NA,NA,NA,NA,NA,NA
NA,surface_snow,2016-05-14T20:35:00Z,135,2016,NA,NA,NA,NA,NA,NA,NA,NA,NA,NA,NA,NA,NA,NA,NA,NA,NA,NA,NA,NA,NA,NA,NA,NA,NA,NA,NA,NA,NA,NA,NA,NA,NA,NA,NA,NA,NA,NA,NA,NA,NA,NA,NA,NA,NA,NA,NA,NA,NA,NA,NA,NA,NA,NA,NA,NA,NA,NA,NA,NA,NA,NA,NA,NA,NA,NA,NA,NA,NA,NA,NA,NA,NA
NA,stream_gauge,2016-05-14T20:40:00Z,135,2016,NA,NA,NA,NA,NA,NA,NA,NA,NA,NA,NA,NA,NA,NA,NA,NA,NA,NA,NA,NA,NA,NA,NA,NA,NA,NA,NA,NA,NA,NA,NA,NA,NA,NA,NA,NA,NA,NA,NA,NA,NA,NA,NA,NA,NA,NA,NA,-132.13,-18,NA,NA,NA,NA,NA,NA,NA,NA,NA,NA,NA,NA,NA,NA,NA,NA,NA,NA,NA,NA,NA,NA,NA,NA
NA,terminus,2016-05-14T20:54:00Z,135,2016,1.6,NA,NA,NA,8.1,NA,NA,NA,NA,NA,0.42,NA,0.22,NA,2.99,NA,NA,NA,NA,NA,0.03514,8.5388,0.04619,0.10301,0.14711,0,0.37119,NA,NA,0.31,1.69,NA,NA,NA,NA,NA,NA,NA,NA,NA,NA,NA,NA,NA,NA,NA,NA,-120.9,-16.39,NA,NA,NA,NA,NA,NA,NA,NA,NA,NA,NA,NA,NA,0.0047,0.00211,0,0,4.4e-4,5.2e-4,0,0.00108,0,0,0.0026
NA,stream_gauge,2016-05-15T18:09:00Z,136,2016,2.1,NA,NA,NA,6.7,NA,NA,NA,NA,NA,NA,NA,NA,NA,NA,NA,NA,NA,NA,NA,NA,NA,NA,NA,NA,NA,NA,NA,NA,0.45,1.62,NA,NA,NA,NA,NA,NA,NA,NA,NA,NA,NA,NA,NA,NA,NA,NA,-123.13,-16.53,NA,NA,NA,NA,NA,NA,NA,NA,NA,NA,NA,NA,NA,NA,NA,NA,NA,NA,NA,NA,NA,NA,NA,NA
NA,terminus,2016-05-15T20:10:00Z,136,2016,1.4,NA,NA,NA,7.2,NA,NA,NA,NA,NA,NA,NA,NA,NA,NA,NA,NA,NA,NA,NA,NA,NA,NA,NA,NA,NA,NA,NA,NA,0.25,1.52,NA,NA,NA,NA,NA,NA,NA,NA,NA,NA,NA,NA,NA,NA,NA,NA,-127.71,-17.46,NA,NA,NA,NA,NA,NA,NA,NA,NA,NA,NA,NA,NA,NA,NA,NA,NA,NA,NA,NA,NA,NA,NA,NA
NA,terminus,2016-05-16T18:58:00Z,137,2016,0.6,NA,NA,40,8.22,NA,NA,NA,NA,NA,0,NA,0,NA,1.83,NA,NA,NA,NA,NA,0.02403,7.49538,0,0.10966,0.19046,0.00104,0.49852,NA,NA,0.28,1.87,NA,NA,NA,NA,NA,NA,NA,NA,NA,NA,NA,NA,NA,NA,NA,NA,-127.76,-17.37,NA,NA,NA,NA,NA,NA,NA,NA,NA,NA,NA,20,NA,0.00253,0.00285,0,4.3e-4,4.5e-4,0,0,7.4e-4,2.7e-4,0,0.00265
NA,stream_gauge,2016-05-16T19:24:00Z,137,2016,0.9,NA,NA,40,7.75,NA,NA,NA,NA,NA,NA,NA,NA,NA,NA,NA,NA,NA,NA,NA,NA,NA,NA,NA,NA,NA,NA,NA,NA,0.31,1.75,NA,NA,NA,NA,NA,NA,NA,NA,NA,NA,NA,NA,NA,NA,NA,NA,-125.62,-16.81,NA,NA,NA,NA,NA,NA,NA,NA,NA,NA,NA,20,NA,NA,NA,NA,NA,NA,NA,NA,NA,NA,NA,NA
NA,terminus,2016-05-30T22:08:00Z,151,2016,7.1,NA,NA,40,8.45,NA,NA,NA,NA,NA,0,NA,0,NA,0.31,NA,NA,NA,NA,NA,0.01077,6.44275,0,0.17162,0.21212,0.00239,0.54902,NA,NA,0.08,NA,NA,NA,NA,NA,NA,NA,NA,NA,NA,NA,NA,NA,NA,NA,NA,NA,-130.96,-17.93,NA,NA,NA,NA,NA,NA,NA,NA,NA,NA,NA,19,NA,0.00224,0.00263,0,0.0041,4e-4,0,1.3e-4,7.5e-4,0,0,0.01434
NA,lake_inlet,2016-05-31T00:50:00Z,151,2016,1.1,NA,NA,18,7.92,NA,NA,NA,NA,NA,NA,NA,NA,NA,NA,NA,NA,NA,NA,NA,NA,NA,NA,NA,NA,NA,NA,NA,NA,0.7,NA,NA,NA,NA,NA,NA,NA,NA,NA,NA,NA,NA,NA,NA,NA,NA,NA,-119.01,-16.33,NA,NA,NA,NA,NA,NA,NA,NA,NA,NA,NA,9,NA,NA,NA,NA,NA,NA,NA,NA,NA,NA,NA,NA
NA,tundra_longlake,2016-05-31T01:49:00Z,151,2016,0.6,NA,NA,22,7.27,NA,NA,NA,NA,NA,NA,NA,NA,NA,NA,NA,NA,NA,NA,NA,NA,NA,NA,NA,NA,NA,NA,NA,NA,0.3,NA,NA,NA,NA,NA,NA,NA,NA,NA,NA,NA,NA,NA,NA,NA,NA,NA,-125.98,-17.2,NA,NA,NA,NA,NA,NA,NA,NA,NA,NA,NA,11,NA,NA,NA,NA,NA,NA,NA,NA,NA,NA,NA,NA
NA,stream_gauge,2016-05-31T20:05:00Z,152,2016,1.4,NA,NA,32,7.39,NA,NA,NA,NA,NA,0,NA,0.17,NA,0.71,NA,NA,NA,NA,NA,0.02978,1.78023,0.04922,0.05963,0,0.00103,0,NA,NA,0.26,NA,NA,NA,NA,NA,NA,NA,NA,NA,NA,NA,NA,NA,NA,NA,NA,NA,-127.33,-17.47,NA,NA,NA,NA,NA,NA,NA,NA,NA,NA,NA,16,NA,3.8e-4,0.00153,0,0,0,0,0,0,0,0,0.00489
NA,tundra_west,2016-05-31T22:52:00Z,152,2016,2.6,NA,NA,11,7.85,NA,NA,NA,NA,NA,NA,NA,NA,NA,NA,NA,NA,NA,NA,NA,NA,NA,NA,NA,NA,NA,NA,NA,NA,0.3,NA,NA,NA,NA,NA,NA,NA,NA,NA,NA,NA,NA,NA,NA,NA,NA,NA,-118.3,-16.03,NA,NA,NA,NA,NA,NA,NA,NA,NA,NA,NA,5,NA,NA,NA,NA,NA,NA,NA,NA,NA,NA,NA,NA
NA,lake_inlet,2016-06-01T17:36:00Z,153,2016,1.5,NA,NA,19,6.67,NA,NA,NA,NA,NA,0.23,NA,0.19,NA,0.51,NA,NA,NA,NA,NA,0.01632,1.61527,0,0,0,0,0.11132,NA,NA,0.41,1.36,NA,NA,NA,NA,NA,NA,NA,NA,NA,NA,NA,NA,NA,NA,NA,NA,-125.52,-17.27,NA,NA,NA,NA,NA,NA,NA,NA,NA,NA,NA,9,NA,2.2e-4,0.00155,0,0,0,0,0,0,0,0,0.00171
NA,terminus,2016-06-01T19:15:00Z,153,2016,1,NA,NA,36,7.7,NA,NA,NA,NA,NA,0,NA,NA,NA,1.42,NA,NA,NA,NA,NA,0,4.8231,0,0.18692,0.13935,0.00145,0.36664,NA,NA,0,2.19,NA,NA,NA,NA,NA,NA,NA,NA,NA,NA,NA,NA,NA,NA,NA,NA,-131.03,-17.8,NA,NA,NA,NA,NA,NA,NA,NA,NA,NA,NA,18,NA,0.00127,0.00206,0,7.2e-4,3e-4,0,0,5.2e-4,0,0,0.00864
NA,tundra_waterfall,2016-06-01T20:10:00Z,153,2016,8.4,NA,NA,24,7.87,NA,NA,NA,NA,NA,NA,NA,NA,NA,NA,NA,NA,NA,NA,NA,NA,NA,NA,NA,NA,NA,NA,NA,NA,0.45,1.34,NA,NA,NA,NA,NA,NA,NA,NA,NA,NA,NA,NA,NA,NA,NA,NA,-116.76,-15.93,NA,NA,NA,NA,NA,NA,NA,NA,NA,NA,NA,12,NA,NA,NA,NA,NA,NA,NA,NA,NA,NA,NA,NA
NA,tundra_west,2016-06-01T22:30:00Z,153,2016,1.4,NA,NA,21,7.82,NA,NA,NA,NA,NA,NA,NA,NA,NA,NA,NA,NA,NA,NA,NA,NA,NA,NA,NA,NA,NA,NA,NA,NA,0.27,1.38,NA,NA,NA,NA,NA,NA,NA,NA,NA,NA,NA,NA,NA,NA,NA,NA,-128.91,-17.59,NA,NA,NA,NA,NA,NA,NA,NA,NA,NA,NA,11,NA,NA,NA,NA,NA,NA,NA,NA,NA,NA,NA,NA
NA,nellie_juan,2016-06-02T19:20:00Z,154,2016,3.6,NA,NA,41,7.27,NA,NA,NA,NA,NA,0.61,NA,0.45,NA,3.57,NA,NA,NA,NA,NA,0.02533,5.6833,0,0.16463,0.27868,0.0014,0.55134,NA,NA,0.28,1.5,NA,NA,NA,NA,NA,NA,NA,NA,NA,NA,NA,NA,NA,NA,NA,NA,-116.79,-15.99,NA,NA,NA,NA,NA,NA,NA,NA,NA,NA,NA,20,NA,6.4e-4,0.00297,0,0,5.9e-4,3.5e-4,0,0,0,0,0.00578
NA,nellie_juan,2016-07-14T18:30:00Z,196,2016,NA,NA,NA,NA,NA,NA,NA,NA,NA,NA,NA,NA,NA,NA,NA,NA,NA,NA,NA,NA,NA,NA,NA,NA,NA,NA,NA,NA,NA,0.38,1.91,NA,NA,NA,NA,NA,NA,NA,NA,NA,NA,NA,NA,NA,NA,NA,NA,-115.99,-15.99,NA,NA,NA,NA,NA,NA,NA,NA,NA,NA,NA,NA,NA,NA,NA,NA,NA,NA,NA,NA,NA,NA,NA,NA
NA,stream_gauge,2016-07-14T18:48:00Z,196,2016,NA,NA,NA,NA,NA,NA,NA,NA,NA,NA,NA,NA,NA,NA,NA,NA,NA,NA,NA,NA,NA,NA,NA,NA,NA,NA,NA,NA,NA,0.14,2.28,NA,NA,NA,NA,NA,NA,NA,NA,NA,NA,NA,NA,NA,NA,NA,NA,-122.71,-16.9,NA,NA,NA,NA,NA,NA,NA,NA,NA,NA,NA,NA,NA,NA,NA,NA,NA,NA,NA,NA,NA,NA,NA,NA
NA,terminus,2016-07-14T19:04:00Z,196,2016,NA,NA,NA,NA,NA,NA,NA,NA,NA,NA,NA,NA,NA,NA,NA,NA,NA,NA,NA,NA,NA,NA,NA,NA,NA,NA,NA,NA,NA,NA,NA,NA,NA,NA,NA,NA,NA,NA,NA,NA,NA,NA,NA,NA,NA,NA,NA,-123.06,-16.82,NA,NA,NA,NA,NA,NA,NA,NA,NA,NA,NA,NA,NA,NA,NA,NA,NA,NA,NA,NA,NA,NA,NA,NA
NA,camp lake,2016-07-14T20:17:00Z,196,2016,23.7,NA,NA,17,6.75,NA,NA,NA,NA,NA,NA,NA,NA,NA,NA,NA,NA,NA,NA,NA,NA,NA,NA,NA,NA,NA,NA,NA,NA,0.81,NA,NA,NA,NA,NA,NA,NA,NA,NA,NA,NA,NA,NA,NA,NA,NA,NA,-106.79,-12.82,NA,NA,NA,NA,NA,NA,NA,NA,NA,NA,NA,9,NA,NA,NA,NA,NA,NA,NA,NA,NA,NA,NA,NA
NA,lake_inlet,2016-07-14T21:56:00Z,196,2016,16.1,NA,NA,18,7.65,NA,NA,NA,NA,NA,NA,NA,NA,NA,NA,NA,NA,NA,NA,NA,NA,NA,NA,NA,NA,NA,NA,NA,NA,0.39,NA,NA,NA,NA,NA,NA,NA,NA,NA,NA,NA,NA,NA,NA,NA,NA,NA,-109.22,-13.85,NA,NA,NA,NA,NA,NA,NA,NA,NA,NA,NA,9,NA,NA,NA,NA,NA,NA,NA,NA,NA,NA,NA,NA
NA,tundra_longlake,2016-07-14T22:50:00Z,196,2016,4.7,NA,NA,9,7.76,NA,NA,NA,NA,NA,NA,NA,NA,NA,NA,NA,NA,NA,NA,NA,NA,NA,NA,NA,NA,NA,NA,NA,NA,0.15,NA,NA,NA,NA,NA,NA,NA,NA,NA,NA,NA,NA,NA,NA,NA,NA,NA,-115.34,-15.76,NA,NA,NA,NA,NA,NA,NA,NA,NA,NA,NA,4,NA,NA,NA,NA,NA,NA,NA,NA,NA,NA,NA,NA
NA,tundra_west,2016-07-14T23:44:00Z,196,2016,15.5,NA,NA,17,6.72,NA,NA,NA,NA,NA,NA,NA,NA,NA,NA,NA,NA,NA,NA,NA,NA,NA,NA,NA,NA,NA,NA,NA,NA,0.26,NA,NA,NA,NA,NA,NA,NA,NA,NA,NA,NA,NA,NA,NA,NA,NA,NA,-111.93,-15.28,NA,NA,NA,NA,NA,NA,NA,NA,NA,NA,NA,9,NA,NA,NA,NA,NA,NA,NA,NA,NA,NA,NA,NA
NA,terminus,2016-07-15T19:54:00Z,197,2016,3.5,NA,NA,18,7.7,NA,NA,NA,NA,NA,0,NA,NA,NA,12.45,NA,NA,NA,NA,NA,0.08925,4.27581,0,0.92304,0.1601,0.00481,1.25294,NA,NA,0.12,NA,NA,NA,NA,NA,NA,NA,NA,NA,NA,NA,NA,NA,NA,NA,NA,NA,-122.3,-16.9,NA,NA,NA,NA,NA,NA,NA,NA,NA,NA,NA,9,NA,0.00125,0.00342,0,0.00212,2.3e-4,7.6e-4,3.1e-4,2e-4,0,2.5e-4,0.03772
NA,supraglacial,2016-07-15T22:17:00Z,197,2016,0.2,NA,NA,1,7.15,NA,NA,NA,NA,NA,NA,NA,NA,NA,NA,NA,NA,NA,NA,NA,NA,NA,NA,NA,NA,NA,NA,NA,NA,0.09,NA,NA,NA,NA,NA,NA,NA,NA,NA,NA,NA,NA,NA,NA,NA,NA,NA,-114.33,-15.64,NA,NA,NA,NA,NA,NA,NA,NA,NA,NA,NA,0,NA,NA,NA,NA,NA,NA,NA,NA,NA,NA,NA,NA
NA,terminus,2016-07-16T00:16:00Z,197,2016,3,NA,NA,15,7.55,NA,NA,NA,NA,NA,NA,NA,NA,NA,NA,NA,NA,NA,NA,NA,NA,NA,NA,NA,NA,NA,NA,NA,NA,0.11,NA,NA,NA,NA,NA,NA,NA,NA,NA,NA,NA,NA,NA,NA,NA,NA,NA,-120.58,-16.73,NA,NA,NA,NA,NA,NA,NA,NA,NA,NA,NA,8,NA,NA,NA,NA,NA,NA,NA,NA,NA,NA,NA,NA
NA,cabin_groundwater,2016-07-16T16:06:00Z,198,2016,12.9,NA,NA,120,7.74,NA,NA,NA,NA,NA,NA,NA,NA,NA,NA,NA,NA,NA,NA,NA,NA,NA,NA,NA,NA,NA,NA,NA,NA,0.39,NA,NA,NA,NA,NA,NA,NA,NA,NA,NA,NA,NA,NA,NA,NA,NA,NA,-122.83,-16.52,NA,NA,NA,NA,NA,NA,NA,NA,NA,NA,NA,60,NA,NA,NA,NA,NA,NA,NA,NA,NA,NA,NA,NA
NA,lake_inlet,2016-07-16T17:56:00Z,198,2016,10.3,NA,NA,22,8.07,NA,NA,NA,NA,NA,NA,NA,NA,NA,NA,NA,NA,NA,NA,NA,NA,NA,NA,NA,NA,NA,NA,NA,NA,0.31,NA,NA,NA,NA,NA,NA,NA,NA,NA,NA,NA,NA,NA,NA,NA,NA,NA,-113.41,-15.43,NA,NA,NA,NA,NA,NA,NA,NA,NA,NA,NA,11,NA,NA,NA,NA,NA,NA,NA,NA,NA,NA,NA,NA
NA,terminus,2016-07-16T19:40:00Z,198,2016,1.7,NA,NA,13,8.24,NA,NA,NA,NA,NA,0.33,NA,0.25,NA,2.96,NA,NA,NA,NA,NA,0.25955,3.08188,0.30867,0.08648,0.1569,0.00743,0.21702,NA,NA,0.06,NA,NA,NA,NA,NA,NA,NA,NA,NA,NA,NA,NA,NA,NA,NA,NA,NA,-120.46,-16.71,NA,NA,NA,NA,NA,NA,NA,NA,NA,NA,NA,7,NA,0.0017,0.0029,0,0,0,0.00108,0,0,0,0,0.00579
NA,tundra_waterfall,2016-07-16T19:59:00Z,198,2016,16.3,NA,NA,49,8.05,NA,NA,NA,NA,NA,NA,NA,NA,NA,NA,NA,NA,NA,NA,NA,NA,NA,NA,NA,NA,NA,NA,NA,NA,0.44,NA,NA,NA,NA,NA,NA,NA,NA,NA,NA,NA,NA,NA,NA,NA,NA,NA,-110.76,-15.2,NA,NA,NA,NA,NA,NA,NA,NA,NA,NA,NA,25,NA,NA,NA,NA,NA,NA,NA,NA,NA,NA,NA,NA
NA,supraglacial,2016-07-16T20:57:00Z,198,2016,0.2,NA,NA,1,7.05,NA,NA,NA,NA,NA,0.78,NA,0.01,NA,10.53,NA,NA,NA,NA,NA,0.01993,0.83576,0,0,0,0,0,NA,NA,0.05,NA,NA,NA,NA,NA,NA,NA,NA,NA,NA,NA,NA,NA,NA,NA,NA,NA,-114.79,-15.56,NA,NA,NA,NA,NA,NA,NA,NA,NA,NA,NA,0,NA,1.6e-4,0.00101,0,0,0,0,0,0,0,0,0.00564
NA,ground_seep,2016-07-16T23:00:00Z,198,2016,24.9,NA,NA,86,8.14,NA,NA,NA,NA,NA,NA,NA,NA,NA,NA,NA,NA,NA,NA,NA,NA,NA,NA,NA,NA,NA,NA,NA,NA,2.13,NA,NA,NA,NA,NA,NA,NA,NA,NA,NA,NA,NA,NA,NA,NA,NA,NA,-110.11,-14.42,NA,NA,NA,NA,NA,NA,NA,NA,NA,NA,NA,43,NA,NA,NA,NA,NA,NA,NA,NA,NA,NA,NA,NA
NA,lake_inlet,2016-07-17T17:08:00Z,199,2016,9.7,NA,NA,21,7.71,NA,NA,NA,NA,NA,0,NA,NA,NA,1.02,NA,NA,NA,NA,NA,0,0,0,0,0,0,0.15679,NA,NA,0.28,NA,NA,NA,NA,NA,NA,NA,NA,NA,NA,NA,NA,NA,NA,NA,NA,NA,-109.04,-14.14,NA,NA,NA,NA,NA,NA,NA,NA,NA,NA,NA,10,NA,0,0,0,0,0,0,0,0,0,0,0
NA,terminus,2016-07-17T18:37:00Z,199,2016,1.7,NA,NA,14,8.31,NA,NA,NA,NA,NA,0.31,NA,0.31,NA,2.68,NA,NA,NA,NA,NA,0.17931,3.35553,0.25864,0.08712,0.14014,0.00761,0.17707,NA,NA,0.08,NA,NA,NA,NA,NA,NA,NA,NA,NA,NA,NA,NA,NA,NA,NA,NA,NA,-119.87,-16.6,NA,NA,NA,NA,NA,NA,NA,NA,NA,NA,NA,8,NA,0.00126,0.00346,0,0,0,0.00109,0,0,0,0,0.00341
NA,tundra_waterfall,2016-07-17T21:08:00Z,199,2016,16.3,NA,NA,49,7.6,NA,NA,NA,NA,NA,NA,NA,NA,NA,NA,NA,NA,NA,NA,NA,NA,NA,NA,NA,NA,NA,NA,NA,NA,0.49,NA,NA,NA,NA,NA,NA,NA,NA,NA,NA,NA,NA,NA,NA,NA,NA,NA,-110.39,-15.05,NA,NA,NA,NA,NA,NA,NA,NA,NA,NA,NA,25,NA,NA,NA,NA,NA,NA,NA,NA,NA,NA,NA,NA
NA,supraglacial,2016-07-17T21:59:00Z,199,2016,0.2,NA,NA,1,6.7,NA,NA,NA,NA,NA,0.63,NA,0.2,NA,0.98,NA,NA,NA,NA,NA,0.02105,0.80476,0,0.30156,0,0,0.16952,NA,NA,0.04,NA,NA,NA,NA,NA,NA,NA,NA,NA,NA,NA,NA,NA,NA,NA,NA,NA,-115.24,-15.69,NA,NA,NA,NA,NA,NA,NA,NA,NA,NA,NA,0,NA,0,0.00118,0,0,0,0,0,0,0,0,0.02913
NA,cabin_stream,2016-07-18T00:54:00Z,199,2016,10.4,NA,NA,34,7.64,NA,NA,NA,NA,NA,0,NA,0.29,NA,2.85,NA,NA,NA,NA,NA,0.05147,5.51138,0,0,0.15771,0,0.3393,NA,NA,0.28,NA,NA,NA,NA,NA,NA,NA,NA,NA,NA,NA,NA,NA,NA,NA,NA,NA,-116.06,-15.61,NA,NA,NA,NA,NA,NA,NA,NA,NA,NA,NA,17,NA,5.2e-4,0.00276,0,0,0,0,0,0,0,0,0.00437
NA,cabin_groundwater,2016-07-18T02:54:00Z,199,2016,17.5,NA,NA,131,7.53,NA,NA,NA,NA,NA,0,NA,0,NA,1.27,NA,NA,NA,NA,NA,0.03088,20.17777,0,0.30135,0.74786,0,1.0302,NA,NA,0.4,NA,NA,NA,NA,NA,NA,NA,NA,NA,NA,NA,NA,NA,NA,NA,NA,NA,-120.37,-16.22,NA,NA,NA,NA,NA,NA,NA,NA,NA,NA,NA,65,NA,0.09794,0.00969,0,8.9e-4,9.5e-4,5.4e-4,0,0.00175,7e-4,1.3e-4,0.0186
NA,lake_inlet,2016-07-18T17:46:00Z,200,2016,10.6,NA,NA,23,7.47,NA,NA,NA,NA,NA,0,NA,NA,NA,44.75,NA,NA,NA,NA,NA,0.04094,4.94782,0,0.15315,0,0,0.36384,NA,NA,0.33,NA,NA,NA,NA,NA,NA,NA,NA,NA,NA,NA,NA,NA,NA,NA,NA,NA,-112.09,-15.14,NA,NA,NA,NA,NA,NA,NA,NA,NA,NA,NA,11,NA,0.00464,0.00231,0,0.00144,2.5e-4,0,0,1.8e-4,0,0,0.01174
NA,terminus,2016-07-18T19:46:00Z,200,2016,1.4,NA,NA,13,8.1,NA,NA,NA,NA,NA,0,NA,NA,NA,2.83,NA,NA,NA,NA,NA,0.4951,3.50777,0.3444,0.29971,0.23277,0.01122,0.3203,NA,NA,0.09,NA,NA,NA,NA,NA,NA,NA,NA,NA,NA,NA,NA,NA,NA,NA,NA,NA,-120.22,-16.55,NA,NA,NA,NA,NA,NA,NA,NA,NA,NA,NA,6,NA,0.00244,0.01131,7.3e-4,0.00213,1.8e-4,0.00128,8.1e-4,1.5e-4,0,0.00117,0.01663
NA,tundra_longlake,2016-07-18T22:12:00Z,200,2016,5.4,NA,NA,11,7.49,NA,NA,NA,NA,NA,NA,NA,NA,NA,NA,NA,NA,NA,NA,NA,NA,NA,NA,NA,NA,NA,NA,NA,NA,0.13,NA,NA,NA,NA,NA,NA,NA,NA,NA,NA,NA,NA,NA,NA,NA,NA,NA,-111.29,-15.37,NA,NA,NA,NA,NA,NA,NA,NA,NA,NA,NA,6,NA,NA,NA,NA,NA,NA,NA,NA,NA,NA,NA,NA
NA,stream_gauge,2016-07-19T18:30:00Z,201,2016,2.3,NA,NA,15,7.96,NA,NA,NA,NA,NA,0.56,NA,0.3,NA,5.18,NA,NA,NA,NA,NA,0.28574,3.94029,0.41458,0.29258,0.20095,0.01236,0.45291,NA,NA,0.1,NA,NA,NA,NA,NA,NA,NA,NA,NA,NA,NA,NA,NA,NA,NA,NA,NA,-118.83,-16.41,NA,NA,NA,NA,NA,NA,NA,NA,NA,NA,NA,7,NA,0.00154,0.00474,9.4e-4,0.00237,0,0.00222,0,0,0,0,0.01135
NA,terminus,2016-07-19T19:51:00Z,201,2016,3,NA,NA,5,7.81,NA,NA,NA,NA,NA,0.4,NA,0.36,NA,5.28,NA,NA,NA,NA,NA,0.33751,4.38811,0.50968,0.25117,0.22928,0.01528,0.35023,NA,NA,0.09,NA,NA,NA,NA,NA,NA,NA,NA,NA,NA,NA,NA,NA,NA,NA,NA,NA,-119.67,-16.53,NA,NA,NA,NA,NA,NA,NA,NA,NA,NA,NA,7,NA,0.00168,0.00542,9.6e-4,0.00334,0,0.00239,7.9e-4,0,0,0,0.009
NA,nellie_juan,2016-07-19T20:06:00Z,201,2016,6.2,NA,NA,28,7.68,NA,NA,NA,NA,NA,NA,NA,NA,NA,NA,NA,NA,NA,NA,NA,NA,NA,NA,NA,NA,NA,NA,NA,NA,0.14,NA,NA,NA,NA,NA,NA,NA,NA,NA,NA,NA,NA,NA,NA,NA,NA,NA,-113.21,-15.74,NA,NA,NA,NA,NA,NA,NA,NA,NA,NA,NA,14,NA,NA,NA,NA,NA,NA,NA,NA,NA,NA,NA,NA
NA,terminus,2016-08-15T17:25:00Z,228,2016,NA,NA,NA,NA,NA,NA,NA,NA,NA,NA,0,NA,0.28,NA,2.11,NA,NA,NA,NA,NA,0.24501,2.72196,0.40598,0,0.17844,0.01104,0,NA,NA,0.03,NA,NA,NA,NA,NA,NA,NA,NA,NA,NA,NA,NA,NA,NA,NA,NA,NA,-117.91,-16.32,NA,NA,NA,NA,NA,NA,NA,NA,NA,NA,NA,NA,NA,0.00112,0.00356,7.6e-4,0,0,0.00135,0,0,0,0,0.00365
NA,tundra_tcamp,2016-08-15T17:45:00Z,228,2016,NA,NA,NA,NA,NA,NA,NA,NA,NA,NA,NA,NA,NA,NA,NA,NA,NA,NA,NA,NA,NA,NA,NA,NA,NA,NA,NA,NA,NA,1.39,NA,NA,NA,NA,NA,NA,NA,NA,NA,NA,NA,NA,NA,NA,NA,NA,NA,-85.87,-11.34,NA,NA,NA,NA,NA,NA,NA,NA,NA,NA,NA,NA,NA,NA,NA,NA,NA,NA,NA,NA,NA,NA,NA,NA
NA,terminus,2016-08-16T16:45:00Z,229,2016,NA,NA,NA,NA,NA,NA,NA,NA,NA,NA,0,NA,0.27,NA,1.56,NA,NA,NA,NA,NA,0.20459,2.0614,0.37703,0,0.13598,0.01017,0,NA,NA,0.14,NA,NA,NA,NA,NA,NA,NA,NA,NA,NA,NA,NA,NA,NA,NA,NA,NA,-118.39,-16.53,NA,NA,NA,NA,NA,NA,NA,NA,NA,NA,NA,NA,NA,0.00104,0.00335,0,0,0,0.00126,0,0,0,0,0.00265
NA,tundra_tcamp,2016-08-16T22:14:00Z,229,2016,10.9,NA,NA,86,8.2,NA,NA,NA,NA,NA,NA,NA,NA,NA,NA,NA,NA,NA,NA,NA,NA,NA,NA,NA,NA,NA,NA,NA,NA,NA,NA,NA,NA,NA,NA,NA,NA,NA,NA,NA,NA,NA,NA,NA,NA,NA,NA,NA,NA,NA,NA,NA,NA,NA,NA,NA,NA,NA,NA,NA,43,NA,NA,NA,NA,NA,NA,NA,NA,NA,NA,NA,NA
NA,terminus,2016-08-16T23:00:00Z,229,2016,1.4,NA,NA,16,9.1,NA,NA,NA,NA,NA,NA,NA,NA,NA,NA,NA,NA,NA,NA,NA,NA,NA,NA,NA,NA,NA,NA,NA,NA,0.12,NA,NA,NA,NA,NA,NA,NA,NA,NA,NA,NA,NA,NA,NA,NA,NA,NA,-119.72,-17.32,NA,NA,NA,NA,NA,NA,NA,NA,NA,NA,NA,8,NA,NA,NA,NA,NA,NA,NA,NA,NA,NA,NA,NA
NA,terminus,2016-08-17T02:00:00Z,229,2016,1.4,NA,NA,16,8.98,NA,NA,NA,NA,NA,NA,NA,NA,NA,NA,NA,NA,NA,NA,NA,NA,NA,NA,NA,NA,NA,NA,NA,NA,0.14,NA,NA,NA,NA,NA,NA,NA,NA,NA,NA,NA,NA,NA,NA,NA,NA,NA,-119.29,-15.98,NA,NA,NA,NA,NA,NA,NA,NA,NA,NA,NA,8,NA,NA,NA,NA,NA,NA,NA,NA,NA,NA,NA,NA
NA,tundra_tcamp,2016-08-17T02:10:00Z,229,2016,10.7,NA,NA,91,8.13,NA,NA,NA,NA,NA,NA,NA,NA,NA,NA,NA,NA,NA,NA,NA,NA,NA,NA,NA,NA,NA,NA,NA,NA,NA,NA,NA,NA,NA,NA,NA,NA,NA,NA,NA,NA,NA,NA,NA,NA,NA,NA,NA,NA,NA,NA,NA,NA,NA,NA,NA,NA,NA,NA,NA,45,NA,NA,NA,NA,NA,NA,NA,NA,NA,NA,NA,NA
NA,tundra_tcamp,2016-08-17T17:45:00Z,230,2016,10.2,NA,NA,101,8.26,NA,NA,NA,NA,NA,NA,NA,NA,NA,NA,NA,NA,NA,NA,NA,NA,NA,NA,NA,NA,NA,NA,NA,NA,NA,NA,NA,NA,NA,NA,NA,NA,NA,NA,NA,NA,NA,NA,NA,NA,NA,NA,NA,NA,NA,NA,NA,NA,NA,NA,NA,NA,NA,NA,NA,51,NA,NA,NA,NA,NA,NA,NA,NA,NA,NA,NA,NA
NA,terminus,2016-08-17T18:00:00Z,230,2016,1.7,NA,NA,17,8.92,NA,NA,NA,NA,NA,0,NA,0.26,NA,2.77,NA,NA,NA,NA,NA,0.16487,3.27348,0.284,0.05727,0.15667,0.00837,0,NA,NA,0.14,NA,NA,NA,NA,NA,NA,NA,NA,NA,NA,NA,NA,NA,NA,NA,NA,NA,-118.33,-15.73,NA,NA,NA,NA,NA,NA,NA,NA,NA,NA,NA,8,NA,0.00115,0.00382,0,0,0,0.00115,0,0,0,0,0.00401
NA,tundra_tcamp,2016-08-17T22:45:00Z,230,2016,10.9,NA,NA,66,8.08,NA,NA,NA,NA,NA,NA,NA,NA,NA,NA,NA,NA,NA,NA,NA,NA,NA,NA,NA,NA,NA,NA,NA,NA,NA,NA,NA,NA,NA,NA,NA,NA,NA,NA,NA,NA,NA,NA,NA,NA,NA,NA,NA,NA,NA,NA,NA,NA,NA,NA,NA,NA,NA,NA,NA,33,NA,NA,NA,NA,NA,NA,NA,NA,NA,NA,NA,NA
NA,terminus,2016-08-17T23:00:00Z,230,2016,2.6,NA,NA,30,8.3,NA,NA,NA,NA,NA,NA,NA,NA,NA,NA,NA,NA,NA,NA,NA,NA,NA,NA,NA,NA,NA,NA,NA,NA,0.12,NA,NA,NA,NA,NA,NA,NA,NA,NA,NA,NA,NA,NA,NA,NA,NA,NA,-113.03,-15.15,NA,NA,NA,NA,NA,NA,NA,NA,NA,NA,NA,15,NA,NA,NA,NA,NA,NA,NA,NA,NA,NA,NA,NA
NA,tundra_tcamp,2016-08-18T01:45:00Z,230,2016,10.9,NA,NA,78,7.94,NA,NA,NA,NA,NA,NA,NA,NA,NA,NA,NA,NA,NA,NA,NA,NA,NA,NA,NA,NA,NA,NA,NA,NA,NA,NA,NA,NA,NA,NA,NA,NA,NA,NA,NA,NA,NA,NA,NA,NA,NA,NA,NA,NA,NA,NA,NA,NA,NA,NA,NA,NA,NA,NA,NA,39,NA,NA,NA,NA,NA,NA,NA,NA,NA,NA,NA,NA
NA,terminus,2016-08-18T02:00:00Z,230,2016,2,NA,NA,25,8.36,NA,NA,NA,NA,NA,NA,NA,NA,NA,NA,NA,NA,NA,NA,NA,NA,NA,NA,NA,NA,NA,NA,NA,NA,0.14,NA,NA,NA,NA,NA,NA,NA,NA,NA,NA,NA,NA,NA,NA,NA,NA,NA,-108.42,-14.34,NA,NA,NA,NA,NA,NA,NA,NA,NA,NA,NA,13,NA,NA,NA,NA,NA,NA,NA,NA,NA,NA,NA,NA
NA,tundra_tcamp,2016-08-18T17:45:00Z,231,2016,9.9,NA,NA,91,8.07,NA,NA,NA,NA,NA,NA,NA,NA,NA,NA,NA,NA,NA,NA,NA,NA,NA,NA,NA,NA,NA,NA,NA,NA,NA,NA,NA,NA,NA,NA,NA,NA,NA,NA,NA,NA,NA,NA,NA,NA,NA,NA,NA,NA,NA,NA,NA,NA,NA,NA,NA,NA,NA,NA,NA,45,NA,NA,NA,NA,NA,NA,NA,NA,NA,NA,NA,NA
NA,terminus,2016-08-18T18:00:00Z,231,2016,1.4,NA,NA,16,8.68,NA,NA,NA,NA,NA,0,NA,NA,NA,16.56,NA,NA,NA,NA,NA,0.30096,3.85722,0.26991,0.12725,0.20766,0.00812,0,NA,NA,0.12,NA,NA,NA,NA,NA,NA,NA,NA,NA,NA,NA,NA,NA,NA,NA,NA,NA,-117.98,-16.09,NA,NA,NA,NA,NA,NA,NA,NA,NA,NA,NA,8,NA,0.00151,0.00735,0,0.00117,2.2e-4,7.2e-4,3.7e-4,2.2e-4,0,7.6e-4,0.00286
NA,tundra_tcamp,2016-08-18T22:44:00Z,231,2016,12.3,NA,NA,94,8.09,NA,NA,NA,NA,NA,NA,NA,NA,NA,NA,NA,NA,NA,NA,NA,NA,NA,NA,NA,NA,NA,NA,NA,NA,NA,NA,NA,NA,NA,NA,NA,NA,NA,NA,NA,NA,NA,NA,NA,NA,NA,NA,NA,NA,NA,NA,NA,NA,NA,NA,NA,NA,NA,NA,NA,47,NA,NA,NA,NA,NA,NA,NA,NA,NA,NA,NA,NA
NA,terminus,2016-08-18T23:00:00Z,231,2016,1.9,NA,NA,21,8.64,NA,NA,NA,NA,NA,NA,NA,NA,NA,NA,NA,NA,NA,NA,NA,NA,NA,NA,NA,NA,NA,NA,NA,NA,0.14,NA,NA,NA,NA,NA,NA,NA,NA,NA,NA,NA,NA,NA,NA,NA,NA,NA,-111.06,-14.98,NA,NA,NA,NA,NA,NA,NA,NA,NA,NA,NA,10,NA,NA,NA,NA,NA,NA,NA,NA,NA,NA,NA,NA
NA,terminus_gw,2016-08-18T23:11:00Z,231,2016,11.4,NA,NA,265,8.02,NA,NA,NA,NA,NA,NA,NA,NA,NA,NA,NA,NA,NA,NA,NA,NA,NA,NA,NA,NA,NA,NA,NA,NA,NA,NA,NA,NA,NA,NA,NA,NA,NA,NA,NA,NA,NA,NA,NA,NA,NA,NA,NA,NA,NA,NA,NA,NA,NA,NA,NA,NA,NA,NA,NA,132,NA,NA,NA,NA,NA,NA,NA,NA,NA,NA,NA,NA
NA,tundra_tcamp2,2016-08-18T23:20:00Z,231,2016,11.8,NA,NA,124,8.2,NA,NA,NA,NA,NA,NA,NA,NA,NA,NA,NA,NA,NA,NA,NA,NA,NA,NA,NA,NA,NA,NA,NA,NA,NA,NA,NA,NA,NA,NA,NA,NA,NA,NA,NA,NA,NA,NA,NA,NA,NA,NA,NA,NA,NA,NA,NA,NA,NA,NA,NA,NA,NA,NA,NA,62,NA,NA,NA,NA,NA,NA,NA,NA,NA,NA,NA,NA
NA,tundra_tcamp,2016-08-19T01:45:00Z,231,2016,13.4,NA,NA,97,8.02,NA,NA,NA,NA,NA,NA,NA,NA,NA,NA,NA,NA,NA,NA,NA,NA,NA,NA,NA,NA,NA,NA,NA,NA,NA,NA,NA,NA,NA,NA,NA,NA,NA,NA,NA,NA,NA,NA,NA,NA,NA,NA,NA,NA,NA,NA,NA,NA,NA,NA,NA,NA,NA,NA,NA,48,NA,NA,NA,NA,NA,NA,NA,NA,NA,NA,NA,NA
NA,terminus,2016-08-19T02:00:00Z,231,2016,1.8,NA,NA,17,8.65,NA,NA,NA,NA,NA,NA,NA,NA,NA,NA,NA,NA,NA,NA,NA,NA,NA,NA,NA,NA,NA,NA,NA,NA,0.14,NA,NA,NA,NA,NA,NA,NA,NA,NA,NA,NA,NA,NA,NA,NA,NA,NA,-117.88,-15.87,NA,NA,NA,NA,NA,NA,NA,NA,NA,NA,NA,9,NA,NA,NA,NA,NA,NA,NA,NA,NA,NA,NA,NA
NA,tundra_tcamp,2016-08-19T17:50:00Z,232,2016,10.3,NA,NA,113,8.06,NA,NA,NA,NA,NA,NA,NA,NA,NA,NA,NA,NA,NA,NA,NA,NA,NA,NA,NA,NA,NA,NA,NA,NA,0.64,NA,NA,NA,NA,NA,NA,NA,NA,NA,NA,NA,NA,NA,NA,NA,NA,NA,-90.87,-12.12,NA,NA,NA,NA,NA,NA,NA,NA,NA,NA,NA,56,NA,NA,NA,NA,NA,NA,NA,NA,NA,NA,NA,NA
NA,terminus,2016-08-19T18:00:00Z,232,2016,1.9,NA,NA,20,8.97,NA,NA,NA,NA,NA,0,NA,0.3,NA,2.68,NA,NA,NA,NA,NA,0.1594,3.13688,0.25686,0,0.15322,0.00852,0,NA,NA,0.12,NA,NA,NA,NA,NA,NA,NA,NA,NA,NA,NA,NA,NA,NA,NA,NA,NA,-120.03,-16.21,NA,NA,NA,NA,NA,NA,NA,NA,NA,NA,NA,10,NA,0.00112,0.00335,0,0,0,0.001,0,0,0,0,0.00197
NA,tundra_tcamp,2016-08-19T22:45:00Z,232,2016,11.4,NA,NA,118,7.73,NA,NA,NA,NA,NA,NA,NA,NA,NA,NA,NA,NA,NA,NA,NA,NA,NA,NA,NA,NA,NA,NA,NA,NA,0.6,NA,NA,NA,NA,NA,NA,NA,NA,NA,NA,NA,NA,NA,NA,NA,NA,NA,-89.21,-12.03,NA,NA,NA,NA,NA,NA,NA,NA,NA,NA,NA,58,NA,NA,NA,NA,NA,NA,NA,NA,NA,NA,NA,NA
NA,terminus,2016-08-19T23:00:00Z,232,2016,1.6,NA,NA,19,8.62,NA,NA,NA,NA,NA,NA,NA,NA,NA,NA,NA,NA,NA,NA,NA,NA,NA,NA,NA,NA,NA,NA,NA,NA,0.11,NA,NA,NA,NA,NA,NA,NA,NA,NA,NA,NA,NA,NA,NA,NA,NA,NA,-120.28,-16.04,NA,NA,NA,NA,NA,NA,NA,NA,NA,NA,NA,9,NA,NA,NA,NA,NA,NA,NA,NA,NA,NA,NA,NA
NA,terminus_gw,2016-08-19T23:05:00Z,232,2016,11,NA,NA,186,7.71,NA,NA,NA,NA,NA,NA,NA,NA,NA,NA,NA,NA,NA,NA,NA,NA,NA,NA,NA,NA,NA,NA,NA,NA,NA,NA,NA,NA,NA,NA,NA,NA,NA,NA,NA,NA,NA,NA,NA,NA,NA,NA,NA,NA,NA,NA,NA,NA,NA,NA,NA,NA,NA,NA,NA,94,NA,NA,NA,NA,NA,NA,NA,NA,NA,NA,NA,NA
NA,tundra_tcamp2,2016-08-19T23:10:00Z,232,2016,10.1,NA,NA,136,8.01,NA,NA,NA,NA,NA,NA,NA,NA,NA,NA,NA,NA,NA,NA,NA,NA,NA,NA,NA,NA,NA,NA,NA,NA,NA,NA,NA,NA,NA,NA,NA,NA,NA,NA,NA,NA,NA,NA,NA,NA,NA,NA,NA,NA,NA,NA,NA,NA,NA,NA,NA,NA,NA,NA,NA,68,NA,NA,NA,NA,NA,NA,NA,NA,NA,NA,NA,NA
NA,tundra_tcamp,2016-08-20T01:45:00Z,232,2016,12,NA,NA,123,7.9,NA,NA,NA,NA,NA,NA,NA,NA,NA,NA,NA,NA,NA,NA,NA,NA,NA,NA,NA,NA,NA,NA,NA,NA,0.61,NA,NA,NA,NA,NA,NA,NA,NA,NA,NA,NA,NA,NA,NA,NA,NA,NA,-92.18,-12.21,NA,NA,NA,NA,NA,NA,NA,NA,NA,NA,NA,62,NA,NA,NA,NA,NA,NA,NA,NA,NA,NA,NA,NA
NA,terminus,2016-08-20T02:00:00Z,232,2016,1.8,NA,NA,20,8.67,NA,NA,NA,NA,NA,NA,NA,NA,NA,NA,NA,NA,NA,NA,NA,NA,NA,NA,NA,NA,NA,NA,NA,NA,0.11,NA,NA,NA,NA,NA,NA,NA,NA,NA,NA,NA,NA,NA,NA,NA,NA,NA,-119.94,-16.26,NA,NA,NA,NA,NA,NA,NA,NA,NA,NA,NA,10,NA,NA,NA,NA,NA,NA,NA,NA,NA,NA,NA,NA
NA,tundra_tcamp,2016-08-20T17:50:00Z,233,2016,10.8,NA,NA,140,8.1,NA,NA,NA,NA,NA,NA,NA,NA,NA,NA,NA,NA,NA,NA,NA,NA,NA,NA,NA,NA,NA,NA,NA,NA,0.55,NA,NA,NA,NA,NA,NA,NA,NA,NA,NA,NA,NA,NA,NA,NA,NA,NA,-92.64,-12.54,NA,NA,NA,NA,NA,NA,NA,NA,NA,NA,NA,70,NA,NA,NA,NA,NA,NA,NA,NA,NA,NA,NA,NA
NA,terminus,2016-08-20T18:00:00Z,233,2016,1.6,NA,NA,19,9.02,NA,NA,NA,NA,NA,0.3,NA,0.25,NA,1.18,NA,NA,NA,NA,NA,0.09653,2.08776,0.16551,0.28934,0,0.00493,0.27482,NA,NA,0.11,NA,NA,NA,NA,NA,NA,NA,NA,NA,NA,NA,NA,NA,NA,NA,NA,NA,-120.61,-16.2,NA,NA,NA,NA,NA,NA,NA,NA,NA,NA,NA,10,NA,8.5e-4,0.00243,0,0,0,8.1e-4,0,0,0,0,0.00816
NA,tundra_tcamp,2016-08-20T22:50:00Z,233,2016,13,NA,NA,136,7.87,NA,NA,NA,NA,NA,NA,NA,NA,NA,NA,NA,NA,NA,NA,NA,NA,NA,NA,NA,NA,NA,NA,NA,NA,0.6,NA,NA,NA,NA,NA,NA,NA,NA,NA,NA,NA,NA,NA,NA,NA,NA,NA,-94.18,-12.61,NA,NA,NA,NA,NA,NA,NA,NA,NA,NA,NA,68,NA,NA,NA,NA,NA,NA,NA,NA,NA,NA,NA,NA
NA,terminus,2016-08-20T23:00:00Z,233,2016,1.8,NA,NA,20,8.68,NA,NA,NA,NA,NA,NA,NA,NA,NA,NA,NA,NA,NA,NA,NA,NA,NA,NA,NA,NA,NA,NA,NA,NA,0.09,NA,NA,NA,NA,NA,NA,NA,NA,NA,NA,NA,NA,NA,NA,NA,NA,NA,-119.89,-16.06,NA,NA,NA,NA,NA,NA,NA,NA,NA,NA,NA,10,NA,NA,NA,NA,NA,NA,NA,NA,NA,NA,NA,NA
NA,tundra_tcamp2,2016-08-20T23:05:00Z,233,2016,11.1,NA,NA,147,8,NA,NA,NA,NA,NA,NA,NA,NA,NA,NA,NA,NA,NA,NA,NA,NA,NA,NA,NA,NA,NA,NA,NA,NA,NA,NA,NA,NA,NA,NA,NA,NA,NA,NA,NA,NA,NA,NA,NA,NA,NA,NA,NA,NA,NA,NA,NA,NA,NA,NA,NA,NA,NA,NA,NA,73,NA,NA,NA,NA,NA,NA,NA,NA,NA,NA,NA,NA
NA,terminus_gw,2016-08-20T23:10:00Z,233,2016,16.9,NA,NA,259,8.08,NA,NA,NA,NA,NA,NA,NA,NA,NA,NA,NA,NA,NA,NA,NA,NA,NA,NA,NA,NA,NA,NA,NA,NA,NA,NA,NA,NA,NA,NA,NA,NA,NA,NA,NA,NA,NA,NA,NA,NA,NA,NA,NA,NA,NA,NA,NA,NA,NA,NA,NA,NA,NA,NA,NA,130,NA,NA,NA,NA,NA,NA,NA,NA,NA,NA,NA,NA
NA,tundra_tcamp,2016-08-21T01:48:00Z,233,2016,13.8,NA,NA,140,7.19,NA,NA,NA,NA,NA,NA,NA,NA,NA,NA,NA,NA,NA,NA,NA,NA,NA,NA,NA,NA,NA,NA,NA,NA,0.57,NA,NA,NA,NA,NA,NA,NA,NA,NA,NA,NA,NA,NA,NA,NA,NA,NA,-94.06,-12.58,NA,NA,NA,NA,NA,NA,NA,NA,NA,NA,NA,70,NA,NA,NA,NA,NA,NA,NA,NA,NA,NA,NA,NA
NA,terminus,2016-08-21T02:00:00Z,233,2016,1.6,NA,NA,15,8.64,NA,NA,NA,NA,NA,NA,NA,NA,NA,NA,NA,NA,NA,NA,NA,NA,NA,NA,NA,NA,NA,NA,NA,NA,0.16,NA,NA,NA,NA,NA,NA,NA,NA,NA,NA,NA,NA,NA,NA,NA,NA,NA,-119.04,-16.1,NA,NA,NA,NA,NA,NA,NA,NA,NA,NA,NA,8,NA,NA,NA,NA,NA,NA,NA,NA,NA,NA,NA,NA
NA,bench_outlet,2016-08-21T02:05:00Z,233,2016,NA,NA,NA,NA,NA,NA,NA,NA,NA,NA,NA,NA,NA,NA,NA,NA,NA,NA,NA,NA,NA,NA,NA,NA,NA,NA,NA,NA,NA,2.61,NA,NA,NA,NA,NA,NA,NA,NA,NA,NA,NA,NA,NA,NA,NA,NA,NA,NA,NA,NA,NA,NA,NA,NA,NA,NA,NA,NA,NA,NA,NA,NA,NA,NA,NA,NA,NA,NA,NA,NA,NA,NA,NA
NA,cabin_groundwater,2016-08-21T04:10:00Z,233,2016,NA,NA,NA,NA,NA,NA,NA,NA,NA,NA,0,NA,NA,NA,12.39,NA,NA,NA,NA,NA,0,16.5234,0,0.16446,0.5876,0,0.7065,NA,NA,1.93,NA,NA,NA,NA,NA,NA,NA,NA,NA,NA,NA,NA,NA,NA,NA,NA,NA,-109.97,-15.07,NA,NA,NA,NA,NA,NA,NA,NA,NA,NA,NA,NA,NA,0.06314,0.00738,0,7.6e-4,6.6e-4,3.7e-4,0,0.00126,3.3e-4,0,0.0051
NA,rain_cabin_pool,2016-08-21T17:10:00Z,234,2016,10.9,NA,NA,16,7.87,NA,NA,NA,NA,NA,NA,NA,NA,NA,NA,NA,NA,NA,NA,NA,NA,NA,NA,NA,NA,NA,NA,NA,NA,0.55,NA,NA,NA,NA,NA,NA,NA,NA,NA,NA,NA,NA,NA,NA,NA,NA,NA,-71.71,-6.17,NA,NA,NA,NA,NA,NA,NA,NA,NA,NA,NA,8,NA,NA,NA,NA,NA,NA,NA,NA,NA,NA,NA,NA
NA,tundra_tcamp,2016-08-21T17:45:00Z,234,2016,11,NA,NA,146,7.73,NA,NA,NA,NA,NA,NA,NA,NA,NA,NA,NA,NA,NA,NA,NA,NA,NA,NA,NA,NA,NA,NA,NA,NA,0.5,NA,NA,NA,NA,NA,NA,NA,NA,NA,NA,NA,NA,NA,NA,NA,NA,NA,-96.04,-12.63,NA,NA,NA,NA,NA,NA,NA,NA,NA,NA,NA,73,NA,NA,NA,NA,NA,NA,NA,NA,NA,NA,NA,NA
NA,terminus,2016-08-21T18:00:00Z,234,2016,1.5,NA,NA,20,8.61,NA,NA,NA,NA,NA,0,NA,0.56,NA,1.04,NA,NA,NA,NA,NA,0.14885,3.23537,0.10775,0.10117,0.14245,0.00477,0,NA,NA,0.14,NA,NA,NA,NA,NA,NA,NA,NA,NA,NA,NA,NA,NA,NA,NA,NA,NA,-120.57,-16.08,NA,NA,NA,NA,NA,NA,NA,NA,NA,NA,NA,10,NA,0.00124,0.0048,0,5.5e-4,1.9e-4,0,2.4e-4,1.5e-4,0,4.1e-4,0.00173
NA,supraglacial,2016-08-21T19:10:00Z,234,2016,NA,NA,NA,NA,NA,NA,NA,NA,NA,NA,NA,NA,NA,NA,NA,NA,NA,NA,NA,NA,NA,NA,NA,NA,NA,NA,NA,NA,NA,1.18,NA,NA,NA,NA,NA,NA,NA,NA,NA,NA,NA,NA,NA,NA,NA,NA,NA,-112.12,-15.67,NA,NA,NA,NA,NA,NA,NA,NA,NA,NA,NA,NA,NA,NA,NA,NA,NA,NA,NA,NA,NA,NA,NA,NA
NA,bench_outlet,2016-08-21T20:00:00Z,234,2016,NA,NA,NA,NA,NA,NA,NA,NA,NA,NA,0.08,NA,1.46,NA,3.7,NA,NA,NA,NA,NA,0.0145,9.82823,0,0.14475,0.22122,0,0.43713,NA,NA,0.99,NA,NA,NA,NA,NA,NA,NA,NA,NA,NA,NA,NA,NA,NA,NA,NA,NA,-118.36,-15.71,NA,NA,NA,NA,NA,NA,NA,NA,NA,NA,NA,NA,NA,0.00201,0.0023,0,0,5e-4,0,0,4.2e-4,0,0,0.00116
NA,supraglacial,2016-08-21T22:28:00Z,234,2016,0.3,NA,NA,1,8.21,NA,NA,NA,NA,NA,NA,NA,NA,NA,NA,NA,NA,NA,NA,NA,NA,NA,NA,NA,NA,NA,NA,NA,NA,NA,NA,NA,NA,NA,NA,NA,NA,NA,NA,NA,NA,NA,NA,NA,NA,NA,NA,NA,NA,NA,NA,NA,NA,NA,NA,NA,NA,NA,NA,NA,0,NA,NA,NA,NA,NA,NA,NA,NA,NA,NA,NA,NA
NA,tundra_tcamp,2016-08-22T02:55:00Z,234,2016,10.9,NA,NA,149,7.5,NA,NA,NA,NA,NA,NA,NA,NA,NA,NA,NA,NA,NA,NA,NA,NA,NA,NA,NA,NA,NA,NA,NA,NA,0.52,NA,NA,NA,NA,NA,NA,NA,NA,NA,NA,NA,NA,NA,NA,NA,NA,NA,-98.43,-13.04,NA,NA,NA,NA,NA,NA,NA,NA,NA,NA,NA,75,NA,NA,NA,NA,NA,NA,NA,NA,NA,NA,NA,NA
NA,terminus,2016-08-22T03:04:00Z,234,2016,1.6,NA,NA,21,8.39,NA,NA,NA,NA,NA,NA,NA,NA,NA,NA,NA,NA,NA,NA,NA,NA,NA,NA,NA,NA,NA,NA,NA,NA,0.12,NA,NA,NA,NA,NA,NA,NA,NA,NA,NA,NA,NA,NA,NA,NA,NA,NA,-120.05,-16.24,NA,NA,NA,NA,NA,NA,NA,NA,NA,NA,NA,11,NA,NA,NA,NA,NA,NA,NA,NA,NA,NA,NA,NA
NA,tundra_tcamp,2016-08-22T17:45:00Z,235,2016,10,NA,NA,159,8.1,NA,NA,NA,NA,NA,NA,NA,NA,NA,NA,NA,NA,NA,NA,NA,NA,NA,NA,NA,NA,NA,NA,NA,NA,0.53,NA,NA,NA,NA,NA,NA,NA,NA,NA,NA,NA,NA,NA,NA,NA,NA,NA,-98.52,-13.02,NA,NA,NA,NA,NA,NA,NA,NA,NA,NA,NA,80,NA,NA,NA,NA,NA,NA,NA,NA,NA,NA,NA,NA
NA,terminus,2016-08-22T18:00:00Z,235,2016,2,NA,NA,18,8.27,NA,NA,NA,NA,NA,0,NA,0.2,NA,1.57,NA,NA,NA,NA,NA,0.15025,2.01066,0.23078,0.0949,0.09808,0.00656,0.15266,NA,NA,0.13,NA,NA,NA,NA,NA,NA,NA,NA,NA,NA,NA,NA,NA,NA,NA,NA,NA,-119.29,-15.94,NA,NA,NA,NA,NA,NA,NA,NA,NA,NA,NA,9,NA,0.00113,0.00303,0,0,0,9.9e-4,0,0,0,0,0.00349
NA,rain_cabin_pool,2016-08-22T20:40:00Z,235,2016,11,NA,NA,12,8.35,NA,NA,NA,NA,NA,NA,NA,NA,NA,NA,NA,NA,NA,NA,NA,NA,NA,NA,NA,NA,NA,NA,NA,NA,0.47,NA,NA,NA,NA,NA,NA,NA,NA,NA,NA,NA,NA,NA,NA,NA,NA,NA,-83.77,-9.87,NA,NA,NA,NA,NA,NA,NA,NA,NA,NA,NA,6,NA,NA,NA,NA,NA,NA,NA,NA,NA,NA,NA,NA
NA,cabin_groundwater,2016-08-22T22:10:00Z,235,2016,NA,NA,NA,NA,NA,NA,NA,NA,NA,NA,NA,NA,NA,NA,NA,NA,NA,NA,NA,NA,NA,NA,NA,NA,NA,NA,NA,NA,NA,2.05,NA,NA,NA,NA,NA,NA,NA,NA,NA,NA,NA,NA,NA,NA,NA,NA,NA,-116.73,-15.73,NA,NA,NA,NA,NA,NA,NA,NA,NA,NA,NA,NA,NA,NA,NA,NA,NA,NA,NA,NA,NA,NA,NA,NA
NA,bench_outlet,2016-08-22T22:35:00Z,235,2016,NA,NA,NA,NA,NA,NA,NA,NA,NA,NA,0.1,NA,0,NA,0,NA,NA,NA,NA,NA,0.00724,0.76378,0,0.05426,0,0.00146,0,NA,NA,2.5,NA,NA,NA,NA,NA,NA,NA,NA,NA,NA,NA,NA,NA,NA,NA,NA,NA,-115.19,-15.65,NA,NA,NA,NA,NA,NA,NA,NA,NA,NA,NA,NA,NA,1.9e-4,0.00169,0,0,0,3.3e-4,0,2.3e-4,0,0,0.00283
NA,tundra_tcamp,2016-08-23T01:45:00Z,235,2016,11,NA,NA,74,7.4,NA,NA,NA,NA,NA,NA,NA,NA,NA,NA,NA,NA,NA,NA,NA,NA,NA,NA,NA,NA,NA,NA,NA,NA,1.13,NA,NA,NA,NA,NA,NA,NA,NA,NA,NA,NA,NA,NA,NA,NA,NA,NA,-89.3,-11.6,NA,NA,NA,NA,NA,NA,NA,NA,NA,NA,NA,37,NA,NA,NA,NA,NA,NA,NA,NA,NA,NA,NA,NA
NA,terminus,2016-08-23T02:00:00Z,235,2016,1.7,NA,NA,17,8.06,NA,NA,NA,NA,NA,NA,NA,NA,NA,NA,NA,NA,NA,NA,NA,NA,NA,NA,NA,NA,NA,NA,NA,NA,0.25,NA,NA,NA,NA,NA,NA,NA,NA,NA,NA,NA,NA,NA,NA,NA,NA,NA,-110.2,-14.56,NA,NA,NA,NA,NA,NA,NA,NA,NA,NA,NA,9,NA,NA,NA,NA,NA,NA,NA,NA,NA,NA,NA,NA
NA,tundra_tcamp,2016-08-23T17:45:00Z,236,2016,10.1,NA,NA,89,7.77,NA,NA,NA,NA,NA,NA,NA,NA,NA,NA,NA,NA,NA,NA,NA,NA,NA,NA,NA,NA,NA,NA,NA,NA,0.88,NA,NA,NA,NA,NA,NA,NA,NA,NA,NA,NA,NA,NA,NA,NA,NA,NA,-93.17,-12.23,NA,NA,NA,NA,NA,NA,NA,NA,NA,NA,NA,44,NA,NA,NA,NA,NA,NA,NA,NA,NA,NA,NA,NA
NA,terminus,2016-08-23T18:00:00Z,236,2016,1.4,NA,NA,16,8.51,NA,NA,NA,NA,NA,0,NA,0.12,NA,0,NA,NA,NA,NA,NA,0.09657,0.4024,0.15443,0,0,0.00371,0,NA,NA,0.1,NA,NA,NA,NA,NA,NA,NA,NA,NA,NA,NA,NA,NA,NA,NA,NA,NA,-118.12,-15.96,NA,NA,NA,NA,NA,NA,NA,NA,NA,NA,NA,8,NA,2.9e-4,0.00156,0,0,0,4.8e-4,0,0,0,0,0.00117
NA,bench_outlet,2016-08-23T18:25:00Z,236,2016,NA,NA,NA,NA,NA,NA,NA,NA,NA,NA,0.07,NA,0,NA,0,NA,NA,NA,NA,NA,0.00789,0.41798,0,0.039,0,0,0,NA,NA,0.67,NA,NA,NA,NA,NA,NA,NA,NA,NA,NA,NA,NA,NA,NA,NA,NA,NA,-115.18,-15.83,NA,NA,NA,NA,NA,NA,NA,NA,NA,NA,NA,NA,NA,5e-5,8.4e-4,0,0,0,0,0,1.7e-4,0,0,0.00135
NA,supraglacial,2016-08-23T20:45:00Z,236,2016,0.1,NA,NA,1,6.88,NA,NA,NA,NA,NA,0,NA,NA,NA,8.49,NA,NA,NA,NA,NA,0.00835,0.25666,0,0,0,0,0,NA,NA,0.12,NA,NA,NA,NA,NA,NA,NA,NA,NA,NA,NA,NA,NA,NA,NA,NA,NA,-113.98,-15.08,NA,NA,NA,NA,NA,NA,NA,NA,NA,NA,NA,0,NA,0,0.00124,0,0,0,0,0,NA,0,0,0.00373
NA,cabin_groundwater,2016-08-23T21:30:00Z,236,2016,NA,NA,NA,NA,NA,NA,NA,NA,NA,NA,0,NA,0.25,NA,3.18,NA,NA,NA,NA,NA,0.00289,13.06867,0,0.10832,0.30153,0,0.63682,NA,NA,NA,NA,NA,NA,NA,NA,NA,NA,NA,NA,NA,NA,NA,NA,NA,NA,NA,NA,-107.35,-14.3,NA,NA,NA,NA,NA,NA,NA,NA,NA,NA,NA,NA,NA,0.00142,0.00482,0,0,0,0.00102,0,0,0,0,0.00263
NA,lake_inlet,2016-08-23T23:00:00Z,236,2016,NA,NA,NA,NA,NA,NA,NA,NA,NA,NA,0,NA,0.25,NA,1.65,NA,NA,NA,NA,NA,0.01713,5.35235,0,0,0,0,0.41088,NA,NA,NA,NA,NA,NA,NA,NA,NA,NA,NA,NA,NA,NA,NA,NA,NA,NA,NA,NA,-105.08,-14.07,NA,NA,NA,NA,NA,NA,NA,NA,NA,NA,NA,NA,NA,0.00102,0.00373,0,0,0,0,0,0,0,0,0.00132
NA,bench_outlet,2016-08-24T01:15:00Z,236,2016,NA,NA,NA,NA,NA,NA,NA,NA,NA,NA,0.08,NA,0,NA,0,NA,NA,NA,NA,NA,0.01964,0.96851,0,0.0345,0,0.00205,0,NA,NA,2.43,NA,NA,NA,NA,NA,NA,NA,NA,NA,NA,NA,NA,NA,NA,NA,NA,NA,-118.57,-15.85,NA,NA,NA,NA,NA,NA,NA,NA,NA,NA,NA,NA,NA,1.9e-4,0.0013,0,0,7e-5,3.7e-4,0,2e-4,0,0,0.00191
NA,tundra_tcamp,2016-08-24T01:45:00Z,236,2016,10.9,NA,NA,89,7.25,NA,NA,NA,NA,NA,NA,NA,NA,NA,NA,NA,NA,NA,NA,NA,NA,NA,NA,NA,NA,NA,NA,NA,NA,0.92,NA,NA,NA,NA,NA,NA,NA,NA,NA,NA,NA,NA,NA,NA,NA,NA,NA,-93.26,-12.49,NA,NA,NA,NA,NA,NA,NA,NA,NA,NA,NA,44,NA,NA,NA,NA,NA,NA,NA,NA,NA,NA,NA,NA
NA,terminus,2016-08-24T02:00:00Z,236,2016,1.9,NA,NA,22,7.96,NA,NA,NA,NA,NA,NA,NA,NA,NA,NA,NA,NA,NA,NA,NA,NA,NA,NA,NA,NA,NA,NA,NA,NA,0.15,NA,NA,NA,NA,NA,NA,NA,NA,NA,NA,NA,NA,NA,NA,NA,NA,NA,-104.08,-13.48,NA,NA,NA,NA,NA,NA,NA,NA,NA,NA,NA,11,NA,NA,NA,NA,NA,NA,NA,NA,NA,NA,NA,NA
NA,terminus_gw,2016-08-24T02:20:00Z,236,2016,10.7,NA,NA,162,7.51,NA,NA,NA,NA,NA,NA,NA,NA,NA,NA,NA,NA,NA,NA,NA,NA,NA,NA,NA,NA,NA,NA,NA,NA,NA,NA,NA,NA,NA,NA,NA,NA,NA,NA,NA,NA,NA,NA,NA,NA,NA,NA,NA,NA,NA,NA,NA,NA,NA,NA,NA,NA,NA,NA,NA,81,NA,NA,NA,NA,NA,NA,NA,NA,NA,NA,NA,NA
NA,tundra_tcamp2,2016-08-24T02:25:00Z,236,2016,10.1,NA,NA,55,7.71,NA,NA,NA,NA,NA,NA,NA,NA,NA,NA,NA,NA,NA,NA,NA,NA,NA,NA,NA,NA,NA,NA,NA,NA,NA,NA,NA,NA,NA,NA,NA,NA,NA,NA,NA,NA,NA,NA,NA,NA,NA,NA,NA,NA,NA,NA,NA,NA,NA,NA,NA,NA,NA,NA,NA,27,NA,NA,NA,NA,NA,NA,NA,NA,NA,NA,NA,NA
NA,tundra_tcamp,2016-08-24T17:45:00Z,237,2016,10.5,NA,NA,95,7.99,NA,NA,NA,NA,NA,NA,NA,NA,NA,NA,NA,NA,NA,NA,NA,NA,NA,NA,NA,NA,NA,NA,NA,NA,0.85,NA,NA,NA,NA,NA,NA,NA,NA,NA,NA,NA,NA,NA,NA,NA,NA,NA,-92.17,-12.37,NA,NA,NA,NA,NA,NA,NA,NA,NA,NA,NA,47,NA,NA,NA,NA,NA,NA,NA,NA,NA,NA,NA,NA
NA,terminus,2016-08-24T18:00:00Z,237,2016,1.4,NA,NA,18,8.72,NA,NA,NA,NA,NA,0,NA,0.33,NA,4.77,NA,NA,NA,NA,NA,0.12304,5.97784,0.19215,0.09691,0.21062,0.00603,0.15706,NA,NA,0.11,NA,NA,NA,NA,NA,NA,NA,NA,NA,NA,NA,NA,NA,NA,NA,NA,NA,-113.48,-15.25,NA,NA,NA,NA,NA,NA,NA,NA,NA,NA,NA,9,NA,0.00124,0.00434,0,0,0,9.6e-4,0,0,0,0,0.00163
NA,terminus_gw,2016-08-24T22:15:00Z,237,2016,11.7,NA,NA,182,7.8,NA,NA,NA,NA,NA,NA,NA,NA,NA,NA,NA,NA,NA,NA,NA,NA,NA,NA,NA,NA,NA,NA,NA,NA,0.09,NA,NA,NA,NA,NA,NA,NA,NA,NA,NA,NA,NA,NA,NA,NA,NA,NA,-91.72,-12.2,NA,NA,NA,NA,NA,NA,NA,NA,NA,NA,NA,91,NA,NA,NA,NA,NA,NA,NA,NA,NA,NA,NA,NA
NA,rain_cabin_pool,2016-08-24T22:40:00Z,237,2016,13,NA,NA,11,7.93,NA,NA,NA,NA,NA,NA,NA,NA,NA,NA,NA,NA,NA,NA,NA,NA,NA,NA,NA,NA,NA,NA,NA,NA,0.4,NA,NA,NA,NA,NA,NA,NA,NA,NA,NA,NA,NA,NA,NA,NA,NA,NA,-83.93,-10.31,NA,NA,NA,NA,NA,NA,NA,NA,NA,NA,NA,5,NA,NA,NA,NA,NA,NA,NA,NA,NA,NA,NA,NA
NA,tundra_tcamp,2016-08-25T01:45:00Z,237,2016,11.5,NA,NA,71,7.77,NA,NA,NA,NA,NA,NA,NA,NA,NA,NA,NA,NA,NA,NA,NA,NA,NA,NA,NA,NA,NA,NA,NA,NA,1.1,NA,NA,NA,NA,NA,NA,NA,NA,NA,NA,NA,NA,NA,NA,NA,NA,NA,-84.95,-11.54,NA,NA,NA,NA,NA,NA,NA,NA,NA,NA,NA,36,NA,NA,NA,NA,NA,NA,NA,NA,NA,NA,NA,NA
NA,terminus,2016-08-25T02:00:00Z,237,2016,1.8,NA,NA,18,8.36,NA,NA,NA,NA,NA,NA,NA,NA,NA,NA,NA,NA,NA,NA,NA,NA,NA,NA,NA,NA,NA,NA,NA,NA,0.13,NA,NA,NA,NA,NA,NA,NA,NA,NA,NA,NA,NA,NA,NA,NA,NA,NA,-110.52,-14.69,NA,NA,NA,NA,NA,NA,NA,NA,NA,NA,NA,9,NA,NA,NA,NA,NA,NA,NA,NA,NA,NA,NA,NA
NA,lake_inlet,2016-08-25T18:20:00Z,238,2016,NA,NA,NA,NA,NA,NA,NA,NA,NA,NA,0,NA,NA,NA,0.3,NA,NA,NA,NA,NA,0.01935,6.12638,0,0,0.11744,0,0.36476,NA,NA,2.12,NA,NA,NA,NA,NA,NA,NA,NA,NA,NA,NA,NA,NA,NA,NA,NA,NA,-101.12,-13.56,NA,NA,NA,NA,NA,NA,NA,NA,NA,NA,NA,NA,NA,0.00167,0.0054,0,3.8e-4,4e-4,0,0,3.3e-4,0,0,0.00301
NA,ground_seep,2016-08-25T18:55:00Z,238,2016,NA,NA,NA,NA,NA,NA,NA,NA,NA,NA,NA,NA,NA,NA,NA,NA,NA,NA,NA,NA,NA,NA,NA,NA,NA,NA,NA,NA,NA,1.46,NA,NA,NA,NA,NA,NA,NA,NA,NA,NA,NA,NA,NA,NA,NA,NA,NA,-105,-13.84,NA,NA,NA,NA,NA,NA,NA,NA,NA,NA,NA,NA,NA,NA,NA,NA,NA,NA,NA,NA,NA,NA,NA,NA
NA,bench_outlet,2016-08-25T21:20:00Z,238,2016,NA,NA,NA,NA,NA,NA,NA,NA,NA,NA,NA,NA,NA,NA,NA,NA,NA,NA,NA,NA,NA,NA,NA,NA,NA,NA,NA,NA,NA,0.95,NA,NA,NA,NA,NA,NA,NA,NA,NA,NA,NA,NA,NA,NA,NA,NA,NA,-110.64,-15.29,NA,NA,NA,NA,NA,NA,NA,NA,NA,NA,NA,NA,NA,NA,NA,NA,NA,NA,NA,NA,NA,NA,NA,NA
NA,tundra_tcamp,2016-08-25T22:00:00Z,238,2016,11.8,NA,NA,78,7.7,NA,NA,NA,NA,NA,NA,NA,NA,NA,NA,NA,NA,NA,NA,NA,NA,NA,NA,NA,NA,NA,NA,NA,NA,0.87,NA,NA,NA,NA,NA,NA,NA,NA,NA,NA,NA,NA,NA,NA,NA,NA,NA,-94.96,-12.71,NA,NA,NA,NA,NA,NA,NA,NA,NA,NA,NA,39,NA,NA,NA,NA,NA,NA,NA,NA,NA,NA,NA,NA
NA,terminus_gw,2016-08-25T22:05:00Z,238,2016,12,NA,NA,147,8.04,NA,NA,NA,NA,NA,NA,NA,NA,NA,NA,NA,NA,NA,NA,NA,NA,NA,NA,NA,NA,NA,NA,NA,NA,0.1,NA,NA,NA,NA,NA,NA,NA,NA,NA,NA,NA,NA,NA,NA,NA,NA,NA,-93.6,-12.14,NA,NA,NA,NA,NA,NA,NA,NA,NA,NA,NA,73,NA,NA,NA,NA,NA,NA,NA,NA,NA,NA,NA,NA
NA,terminus,2016-08-25T22:15:00Z,238,2016,1.8,NA,NA,21,8.76,NA,NA,NA,NA,NA,0,NA,0.42,NA,10.71,NA,NA,NA,NA,NA,0.11328,13.34999,0.17371,0.29845,0.42623,0.00515,0.43835,NA,NA,0.12,NA,NA,NA,NA,NA,NA,NA,NA,NA,NA,NA,NA,NA,NA,NA,NA,NA,-100.06,-13.29,NA,NA,NA,NA,NA,NA,NA,NA,NA,NA,NA,10,NA,0.00192,0.00741,0,0,0.0011,0.00162,0,0.00103,5.9e-4,0,0.00203
NA,nellie_juan,2016-08-26T20:30:00Z,239,2016,NA,NA,NA,NA,NA,NA,NA,NA,NA,NA,0.25,NA,0.38,NA,3.47,NA,NA,NA,NA,NA,0.00934,4.54825,0,0.14109,0.2592,0.00297,0.36533,NA,NA,NA,NA,NA,NA,NA,NA,NA,NA,NA,NA,NA,NA,NA,NA,NA,NA,NA,NA,-110.71,-15.22,NA,NA,NA,NA,NA,NA,NA,NA,NA,NA,NA,NA,NA,4.8e-4,0.00301,0,0,0,3.6e-4,0,0,0,0,0.00395
NA,nellie_juan,2016-08-26T20:45:00Z,239,2016,NA,NA,NA,NA,NA,NA,NA,NA,NA,NA,NA,NA,NA,NA,NA,NA,NA,NA,NA,NA,NA,NA,NA,NA,NA,NA,NA,NA,NA,0.91,NA,NA,NA,NA,NA,NA,NA,NA,NA,NA,NA,NA,NA,NA,NA,NA,NA,-109.58,-15.08,NA,NA,NA,NA,NA,NA,NA,NA,NA,NA,NA,NA,NA,NA,NA,NA,NA,NA,NA,NA,NA,NA,NA,NA
NA,nellie_juan,2016-08-26T20:55:00Z,239,2016,NA,NA,NA,NA,NA,NA,NA,NA,NA,NA,NA,NA,NA,NA,NA,NA,NA,NA,NA,NA,NA,NA,NA,NA,NA,NA,NA,NA,NA,0.86,NA,NA,NA,NA,NA,NA,NA,NA,NA,NA,NA,NA,NA,NA,NA,NA,NA,-109.77,-15.2,NA,NA,NA,NA,NA,NA,NA,NA,NA,NA,NA,NA,NA,NA,NA,NA,NA,NA,NA,NA,NA,NA,NA,NA
NA,stream_gauge,2016-09-07T20:46:00Z,251,2016,2.1,NA,NA,23,8.6,NA,NA,NA,NA,NA,0.42,NA,0.33,NA,3.26,NA,NA,NA,NA,NA,0.17404,3.99621,0.33403,0.36844,0.22192,0.0076,0.41712,NA,NA,1.67,NA,NA,NA,NA,NA,NA,NA,NA,NA,NA,NA,NA,NA,NA,NA,NA,NA,-120.14,-16.49,NA,NA,NA,NA,NA,NA,NA,NA,NA,NA,NA,11,NA,0.00192,0.00307,0,0.00119,6.8e-4,0.00108,4.1e-4,1.9e-4,0,0,0.00545
NA,terminus,2016-09-07T21:17:00Z,251,2016,1.1,NA,NA,18,8.29,NA,NA,NA,NA,NA,0,NA,0.25,NA,1.33,NA,NA,NA,NA,NA,0.16787,1.47161,0.28251,0.25225,0.08911,0.00715,0.1355,NA,NA,0.04,NA,NA,NA,NA,NA,NA,NA,NA,NA,NA,NA,NA,NA,NA,NA,NA,NA,-120.13,-16.35,NA,NA,NA,NA,NA,NA,NA,NA,NA,NA,NA,9,NA,7.8e-4,0.00307,7.1e-4,0,0,0.00108,0,0,0,0,0.00569
NA,tundra_longlake,2016-09-07T22:20:00Z,251,2016,10.3,NA,NA,22,7.7,NA,NA,NA,NA,NA,NA,NA,NA,NA,NA,NA,NA,NA,NA,NA,NA,NA,NA,NA,NA,NA,NA,NA,NA,0.27,NA,NA,NA,NA,NA,NA,NA,NA,NA,NA,NA,NA,NA,NA,NA,NA,NA,-105.62,-14.38,NA,NA,NA,NA,NA,NA,NA,NA,NA,NA,NA,11,NA,NA,NA,NA,NA,NA,NA,NA,NA,NA,NA,NA
NA,lake_inlet,2016-09-07T22:45:00Z,251,2016,11.7,NA,NA,46,7.78,NA,NA,NA,NA,NA,NA,NA,NA,NA,NA,NA,NA,NA,NA,NA,NA,NA,NA,NA,NA,NA,NA,NA,NA,1.34,NA,NA,NA,NA,NA,NA,NA,NA,NA,NA,NA,NA,NA,NA,NA,NA,NA,-106.06,-14.15,NA,NA,NA,NA,NA,NA,NA,NA,NA,NA,NA,23,NA,NA,NA,NA,NA,NA,NA,NA,NA,NA,NA,NA
NA,cabin_stream,2016-09-08T15:37:00Z,252,2016,6.4,NA,NA,59,7.92,NA,NA,NA,NA,NA,NA,NA,NA,NA,NA,NA,NA,NA,NA,NA,NA,NA,NA,NA,NA,NA,NA,NA,NA,1.15,NA,NA,NA,NA,NA,NA,NA,NA,NA,NA,NA,NA,NA,NA,NA,NA,NA,-116.63,-15.27,NA,NA,NA,NA,NA,NA,NA,NA,NA,NA,NA,29,NA,NA,NA,NA,NA,NA,NA,NA,NA,NA,NA,NA
NA,supraglacial,2016-09-08T18:47:00Z,252,2016,0.2,NA,NA,1,6.42,NA,NA,NA,NA,NA,NA,NA,NA,NA,NA,NA,NA,NA,NA,NA,NA,NA,NA,NA,NA,NA,NA,NA,NA,0.03,NA,NA,NA,NA,NA,NA,NA,NA,NA,NA,NA,NA,NA,NA,NA,NA,NA,-117.97,-16.24,NA,NA,NA,NA,NA,NA,NA,NA,NA,NA,NA,0,NA,NA,NA,NA,NA,NA,NA,NA,NA,NA,NA,NA
NA,terminus,2016-09-08T19:22:00Z,252,2016,0.8,NA,NA,20,6.99,NA,NA,NA,NA,NA,0,NA,0.71,NA,52.19,NA,NA,NA,NA,NA,0.28269,3.72784,0.19303,0.12819,0.2135,0.00562,0.10869,NA,NA,0.02,NA,NA,NA,NA,NA,NA,NA,NA,NA,NA,NA,NA,NA,NA,NA,NA,NA,-120.81,-16.59,NA,NA,NA,NA,NA,NA,NA,NA,NA,NA,NA,10,NA,0.00133,0.00787,0,7.5e-4,2.8e-4,5.6e-4,3.1e-4,2e-4,0,7.3e-4,0.00199
NA,tundra_waterfall,2016-09-08T19:33:00Z,252,2016,8.5,NA,NA,62,7.78,NA,NA,NA,NA,NA,NA,NA,NA,NA,NA,NA,NA,NA,NA,NA,NA,NA,NA,NA,NA,NA,NA,NA,NA,1.32,NA,NA,NA,NA,NA,NA,NA,NA,NA,NA,NA,NA,NA,NA,NA,NA,NA,-106.66,-14.13,NA,NA,NA,NA,NA,NA,NA,NA,NA,NA,NA,31,NA,NA,NA,NA,NA,NA,NA,NA,NA,NA,NA,NA
NA,tundra_west,2016-09-08T21:51:00Z,252,2016,7.7,NA,NA,43,7.73,NA,NA,NA,NA,NA,NA,NA,NA,NA,NA,NA,NA,NA,NA,NA,NA,NA,NA,NA,NA,NA,NA,NA,NA,0.18,NA,NA,NA,NA,NA,NA,NA,NA,NA,NA,NA,NA,NA,NA,NA,NA,NA,-104.76,-13.85,NA,NA,NA,NA,NA,NA,NA,NA,NA,NA,NA,21,NA,NA,NA,NA,NA,NA,NA,NA,NA,NA,NA,NA
NA,cabin_groundwater,2016-09-09T00:11:00Z,252,2016,10.5,NA,NA,97,7.45,NA,NA,NA,NA,NA,1.24,NA,0.26,NA,7.04,NA,NA,NA,NA,NA,0.00659,12.85032,0,1.1572,0.57907,0,1.4552,NA,NA,0.56,NA,NA,NA,NA,NA,NA,NA,NA,NA,NA,NA,NA,NA,NA,NA,NA,NA,-119.76,-15.6,NA,NA,NA,NA,NA,NA,NA,NA,NA,NA,NA,49,NA,0.06046,0.00647,0,0.0023,6.6e-4,7.6e-4,0,0.00107,0,0,0.01625
NA,bench_outlet,2016-09-09T00:37:00Z,252,2016,0.1,NA,NA,7,7.69,NA,NA,NA,NA,NA,0,NA,0,NA,0,NA,NA,NA,NA,NA,0.38467,1.83529,0.76067,0.08381,0.19206,0.01698,0,NA,NA,0.74,NA,NA,NA,NA,NA,NA,NA,NA,NA,NA,NA,NA,NA,NA,NA,NA,NA,-118.62,-16.26,NA,NA,NA,NA,NA,NA,NA,NA,NA,NA,NA,4,NA,0.0012,0.00603,0.00111,0.00313,9e-5,0.00354,0.00108,1.4e-4,0,0,0.00628
NA,cabin_groundwater,2016-09-09T17:30:00Z,253,2016,6.6,NA,NA,102,7.73,NA,NA,NA,NA,NA,NA,NA,NA,NA,NA,NA,NA,NA,NA,NA,NA,NA,NA,NA,NA,NA,NA,NA,NA,0.52,NA,NA,NA,NA,NA,NA,NA,NA,NA,NA,NA,NA,NA,NA,NA,NA,NA,-118.87,-15.89,NA,NA,NA,NA,NA,NA,NA,NA,NA,NA,NA,50,NA,NA,NA,NA,NA,NA,NA,NA,NA,NA,NA,NA
NA,rain_cabin,2016-09-09T17:46:00Z,253,2016,NA,NA,NA,NA,NA,NA,NA,NA,NA,NA,NA,NA,NA,NA,NA,NA,NA,NA,NA,NA,NA,NA,NA,NA,NA,NA,NA,NA,NA,0.4,NA,NA,NA,NA,NA,NA,NA,NA,NA,NA,NA,NA,NA,NA,NA,NA,NA,-137.65,-17.59,NA,NA,NA,NA,NA,NA,NA,NA,NA,NA,NA,NA,NA,NA,NA,NA,NA,NA,NA,NA,NA,NA,NA,NA
NA,cabin_stream,2016-09-09T18:02:00Z,253,2016,6.2,NA,NA,61,8.04,NA,NA,NA,NA,NA,0,NA,0.19,NA,3.03,NA,NA,NA,NA,NA,0.00326,6.23329,0,0,0.20183,0,0.38853,NA,NA,0.98,NA,NA,NA,NA,NA,NA,NA,NA,NA,NA,NA,NA,NA,NA,NA,NA,NA,-117.69,-15.56,NA,NA,NA,NA,NA,NA,NA,NA,NA,NA,NA,30,NA,5.7e-4,0.00318,0,0,0,0,0,0,0,0,0.00111
NA,bench_outlet,2016-09-09T18:23:00Z,253,2016,0.1,NA,NA,7,7.99,NA,NA,NA,NA,NA,0.1,NA,0,NA,1.21,NA,NA,NA,NA,NA,0.16802,1.32939,0.28294,0.29817,0.10601,0.00779,0.25848,NA,NA,0.69,NA,NA,NA,NA,NA,NA,NA,NA,NA,NA,NA,NA,NA,NA,NA,NA,NA,-119.37,-16.18,NA,NA,NA,NA,NA,NA,NA,NA,NA,NA,NA,3,NA,5.9e-4,0.00348,0,0.00266,8e-5,0.00185,5.4e-4,1.2e-4,0,0,0.00795
NA,lake_inlet,2016-09-09T19:27:00Z,253,2016,6.7,NA,NA,47,7.75,NA,NA,NA,NA,NA,NA,NA,NA,NA,NA,NA,NA,NA,NA,NA,NA,NA,NA,NA,NA,NA,NA,NA,NA,1.25,NA,NA,NA,NA,NA,NA,NA,NA,NA,NA,NA,NA,NA,NA,NA,NA,NA,-107.63,-14.09,NA,NA,NA,NA,NA,NA,NA,NA,NA,NA,NA,24,NA,NA,NA,NA,NA,NA,NA,NA,NA,NA,NA,NA
NA,tundra_longlake,2016-09-09T19:47:00Z,253,2016,8.2,NA,NA,22,7.83,NA,NA,NA,NA,NA,NA,NA,NA,NA,NA,NA,NA,NA,NA,NA,NA,NA,NA,NA,NA,NA,NA,NA,NA,0.21,NA,NA,NA,NA,NA,NA,NA,NA,NA,NA,NA,NA,NA,NA,NA,NA,NA,-106.6,-14.57,NA,NA,NA,NA,NA,NA,NA,NA,NA,NA,NA,11,NA,NA,NA,NA,NA,NA,NA,NA,NA,NA,NA,NA
NA,ground_seep,2016-09-09T20:21:00Z,253,2016,8.7,NA,NA,79,7.62,NA,NA,NA,NA,NA,NA,NA,NA,NA,NA,NA,NA,NA,NA,NA,NA,NA,NA,NA,NA,NA,NA,NA,NA,1.36,NA,NA,NA,NA,NA,NA,NA,NA,NA,NA,NA,NA,NA,NA,NA,NA,NA,-113.52,-15.14,NA,NA,NA,NA,NA,NA,NA,NA,NA,NA,NA,40,NA,NA,NA,NA,NA,NA,NA,NA,NA,NA,NA,NA
NA,lake_inlet,2016-09-11T18:00:00Z,255,2016,6.2,NA,NA,53,7.02,NA,NA,NA,NA,NA,0,NA,0,NA,1.67,NA,NA,NA,NA,NA,0.00653,9.94805,0,0,0.2007,0,0.75975,NA,NA,1.34,NA,NA,NA,NA,NA,NA,NA,NA,NA,NA,NA,NA,NA,NA,NA,NA,NA,-107.33,-14.13,NA,NA,NA,NA,NA,NA,NA,NA,NA,NA,NA,27,NA,8.3e-4,0.00547,0,4.1e-4,3.8e-4,0,1e-4,2.5e-4,0,0,0.00274
NA,supraglacial,2016-09-11T19:28:00Z,255,2016,0.1,NA,NA,1,7.4,NA,NA,NA,NA,NA,0,NA,0.45,NA,53.02,NA,NA,NA,NA,NA,0,0.14976,0,0.06478,0,0,0,NA,NA,0.05,NA,NA,NA,NA,NA,NA,NA,NA,NA,NA,NA,NA,NA,NA,NA,NA,NA,-116.59,-15.93,NA,NA,NA,NA,NA,NA,NA,NA,NA,NA,NA,0,NA,0,0.00158,0,4.5e-4,0,0,0,5e-5,0,0,0.0101
NA,terminus,2016-09-11T20:05:00Z,255,2016,0.9,NA,NA,16,7.66,NA,NA,NA,NA,NA,0,NA,0.37,NA,4.1,NA,NA,NA,NA,NA,0.01886,1.74232,0,0,0,0.00131,0,NA,NA,0.01,NA,NA,NA,NA,NA,NA,NA,NA,NA,NA,NA,NA,NA,NA,NA,NA,NA,-117.17,-16.17,NA,NA,NA,NA,NA,NA,NA,NA,NA,NA,NA,8,NA,7e-4,0.00196,0,0,2.1e-4,0,0,1.1e-4,0,0,0
NA,tundra_waterfall,2016-09-11T20:14:00Z,255,2016,7.5,NA,NA,60,7.61,NA,NA,NA,NA,NA,NA,NA,NA,NA,NA,NA,NA,NA,NA,NA,NA,NA,NA,NA,NA,NA,NA,NA,NA,1.26,NA,NA,NA,NA,NA,NA,NA,NA,NA,NA,NA,NA,NA,NA,NA,NA,NA,-104.04,-14.05,NA,NA,NA,NA,NA,NA,NA,NA,NA,NA,NA,29,NA,NA,NA,NA,NA,NA,NA,NA,NA,NA,NA,NA
NA,tundra_west,2016-09-11T21:40:00Z,255,2016,6.8,NA,NA,38,7.65,NA,NA,NA,NA,NA,NA,NA,NA,NA,NA,NA,NA,NA,NA,NA,NA,NA,NA,NA,NA,NA,NA,NA,NA,0.26,NA,NA,NA,NA,NA,NA,NA,NA,NA,NA,NA,NA,NA,NA,NA,NA,NA,-104.6,-14,NA,NA,NA,NA,NA,NA,NA,NA,NA,NA,NA,19,NA,NA,NA,NA,NA,NA,NA,NA,NA,NA,NA,NA
NA,tundra_longlake,2016-09-11T22:12:00Z,255,2016,7.8,NA,NA,23,7.69,NA,NA,NA,NA,NA,NA,NA,NA,NA,NA,NA,NA,NA,NA,NA,NA,NA,NA,NA,NA,NA,NA,NA,NA,0.22,NA,NA,NA,NA,NA,NA,NA,NA,NA,NA,NA,NA,NA,NA,NA,NA,NA,-104.61,-14.31,NA,NA,NA,NA,NA,NA,NA,NA,NA,NA,NA,11,NA,NA,NA,NA,NA,NA,NA,NA,NA,NA,NA,NA
NA,cabin_groundwater,2016-09-12T00:22:00Z,255,2016,8,NA,NA,96,7.27,NA,NA,NA,NA,NA,0,NA,NA,NA,50.8,NA,NA,NA,NA,NA,0,18.77901,0,0.14782,0.69418,0,0.7273,NA,NA,0.57,NA,NA,NA,NA,NA,NA,NA,NA,NA,NA,NA,NA,NA,NA,NA,NA,NA,-116.88,-15.5,NA,NA,NA,NA,NA,NA,NA,NA,NA,NA,NA,48,NA,0.07452,0.00847,0,5.2e-4,8.1e-4,0,0,0.00146,5.7e-4,0,0.00344
NA,bench_outlet,2016-09-12T00:40:00Z,255,2016,0.2,NA,NA,5,7.78,NA,NA,NA,NA,NA,0.39,NA,1.19,NA,0,NA,NA,NA,NA,NA,0.23193,1.81008,0.41766,0.69214,0.13789,0.01083,1.08086,NA,NA,0.69,NA,NA,NA,NA,NA,NA,NA,NA,NA,NA,NA,NA,NA,NA,NA,NA,NA,-117.91,-15.91,NA,NA,NA,NA,NA,NA,NA,NA,NA,NA,NA,3,NA,8.5e-4,0.0047,7.1e-4,0.00409,0,0.00254,8.1e-4,1.4e-4,0,0,0.01125
NA,cabin_stream,2016-09-12T00:58:00Z,255,2016,6.8,NA,NA,56,7.35,NA,NA,NA,NA,NA,NA,NA,NA,NA,NA,NA,NA,NA,NA,NA,NA,NA,NA,NA,NA,NA,NA,NA,NA,1,NA,NA,NA,NA,NA,NA,NA,NA,NA,NA,NA,NA,NA,NA,NA,NA,NA,-115.39,-14.87,NA,NA,NA,NA,NA,NA,NA,NA,NA,NA,NA,28,NA,NA,NA,NA,NA,NA,NA,NA,NA,NA,NA,NA
NA,rain_cabin,2016-09-12T01:09:00Z,255,2016,7.7,NA,NA,2,7.82,NA,NA,NA,NA,NA,NA,NA,NA,NA,NA,NA,NA,NA,NA,NA,NA,NA,NA,NA,NA,NA,NA,NA,NA,0.39,NA,NA,NA,NA,NA,NA,NA,NA,NA,NA,NA,NA,NA,NA,NA,NA,NA,-98.2,-12.8,NA,NA,NA,NA,NA,NA,NA,NA,NA,NA,NA,1,NA,NA,NA,NA,NA,NA,NA,NA,NA,NA,NA,NA
NA,lake_inlet,2016-09-12T17:33:00Z,256,2016,7.3,NA,NA,33,6.84,NA,NA,NA,NA,NA,0,NA,0.16,NA,1.05,NA,NA,NA,NA,NA,0.02898,3.81329,0,0.0936,0,0,0.29995,NA,NA,2.54,NA,NA,NA,NA,NA,NA,NA,NA,NA,NA,NA,NA,NA,NA,NA,NA,NA,-99.81,-13.32,NA,NA,NA,NA,NA,NA,NA,NA,NA,NA,NA,17,NA,8.3e-4,0.00319,0,0,0,3.1e-4,0,0,0,0,0.00374
NA,ground_seep,2016-09-12T18:18:00Z,256,2016,7.8,NA,NA,91,7.31,NA,NA,NA,NA,NA,NA,NA,NA,NA,NA,NA,NA,NA,NA,NA,NA,NA,NA,NA,NA,NA,NA,NA,NA,1.23,NA,NA,NA,NA,NA,NA,NA,NA,NA,NA,NA,NA,NA,NA,NA,NA,NA,-101.31,-13.67,NA,NA,NA,NA,NA,NA,NA,NA,NA,NA,NA,45,NA,NA,NA,NA,NA,NA,NA,NA,NA,NA,NA,NA
NA,supraglacial,2016-09-12T18:46:00Z,256,2016,0.2,NA,NA,1,6.46,NA,NA,NA,NA,NA,0,NA,0.1,NA,0,NA,NA,NA,NA,NA,0.02294,0,0,0,0,0,0,NA,NA,0.04,NA,NA,NA,NA,NA,NA,NA,NA,NA,NA,NA,NA,NA,NA,NA,NA,NA,-105.92,-14.77,NA,NA,NA,NA,NA,NA,NA,NA,NA,NA,NA,0,NA,0,0.00093000000000000005,0,0,0,0,0,0,0,0,6.9e-4
NA,tundra_longlake,2016-09-12T19:29:00Z,256,2016,7.7,NA,NA,22,6.59,NA,NA,NA,NA,NA,NA,NA,NA,NA,NA,NA,NA,NA,NA,NA,NA,NA,NA,NA,NA,NA,NA,NA,NA,0.38,NA,NA,NA,NA,NA,NA,NA,NA,NA,NA,NA,NA,NA,NA,NA,NA,NA,-99.94,-14,NA,NA,NA,NA,NA,NA,NA,NA,NA,NA,NA,11,NA,NA,NA,NA,NA,NA,NA,NA,NA,NA,NA,NA
NA,tundra_west,2016-09-12T20:16:00Z,256,2016,8.1,NA,NA,23,7.51,NA,NA,NA,NA,NA,NA,NA,NA,NA,NA,NA,NA,NA,NA,NA,NA,NA,NA,NA,NA,NA,NA,NA,NA,0.65,NA,NA,NA,NA,NA,NA,NA,NA,NA,NA,NA,NA,NA,NA,NA,NA,NA,-95.65,-13,NA,NA,NA,NA,NA,NA,NA,NA,NA,NA,NA,11,NA,NA,NA,NA,NA,NA,NA,NA,NA,NA,NA,NA
NA,cabin_stream,2016-09-12T21:47:00Z,256,2016,8.4,NA,NA,47,7.44,NA,NA,NA,NA,NA,0.41,NA,0.23,NA,4.18,NA,NA,NA,NA,NA,0.01152,6.58687,0,0.25678,0.29384,0,0.62705,NA,NA,1.5,NA,NA,NA,NA,NA,NA,NA,NA,NA,NA,NA,NA,NA,NA,NA,NA,NA,-102.58,-13.97,NA,NA,NA,NA,NA,NA,NA,NA,NA,NA,NA,24,NA,5.2e-4,0.00434,0,0,0,0,0,0,0,0,0.00274
NA,nellie_juan,2016-09-13T22:08:00Z,257,2016,6.5,NA,NA,45,7.4,NA,NA,NA,NA,NA,0,NA,0.11,NA,0,NA,NA,NA,NA,NA,0.67971,1.27401,1.11608,0.12078,0.32864,0.02892,0,NA,NA,0.98,NA,NA,NA,NA,NA,NA,NA,NA,NA,NA,NA,NA,NA,NA,NA,NA,NA,-105.36,-14.81,NA,NA,NA,NA,NA,NA,NA,NA,NA,NA,NA,22,NA,0.00104,0.01131,0.00236,0.00376,0,0.00295,0.00147,0,0,0,0.02367
NA,terminus,2016-09-13T22:18:00Z,257,2016,1.9,NA,NA,32,7.53,NA,NA,NA,NA,NA,0.25,NA,0.29,NA,4.54,NA,NA,NA,NA,NA,1.37904,4.71828,2.18402,0.40626,0.8501,0.05538,0.5324,NA,NA,0.1,NA,NA,NA,NA,NA,NA,NA,NA,NA,NA,NA,NA,NA,NA,NA,NA,NA,-115.33,-15.95,NA,NA,NA,NA,NA,NA,NA,NA,NA,NA,NA,16,NA,0.00547,0.02185,0.00452,0.00994,0,0.00907,0.00334,0,0,0.00231,0.02459
NA,lake_inlet,2016-10-15T20:00:00Z,289,2016,NA,NA,NA,NA,NA,NA,NA,NA,NA,NA,0,NA,0.23,NA,2.17,NA,NA,NA,NA,NA,0.00809,9.37024,0,0.0314,0.17931,0,0.68191,NA,NA,1.2,1.41,NA,NA,NA,NA,NA,NA,NA,NA,NA,NA,NA,NA,NA,NA,NA,NA,NA,NA,NA,NA,NA,NA,NA,NA,NA,NA,NA,NA,NA,NA,NA,4.2e-4,0.0046,0,0,3.4e-4,3.6e-4,0,1.5e-4,0,0,0.0013
NA,terminus,2016-10-15T20:15:00Z,289,2016,NA,NA,NA,NA,NA,NA,NA,NA,NA,NA,0.29,NA,0.26,NA,7.01,NA,NA,NA,NA,NA,0.09684,7.60517,0,0.12015,0.36628,0.00276,0.49684,NA,NA,0.03,1.44,NA,NA,NA,NA,NA,NA,NA,NA,NA,NA,NA,NA,NA,NA,NA,NA,NA,NA,NA,NA,NA,NA,NA,NA,NA,NA,NA,NA,NA,NA,NA,0.00282,0.0033,0,0,6.8e-4,7.2e-4,2.1e-4,2.9e-4,0,0,0.00252
NA,stream_gauge,2017-04-20T21:45:00Z,110,2017,0,NA,NA,142,NA,NA,NA,NA,NA,NA,NA,NA,NA,NA,NA,NA,NA,NA,NA,NA,NA,21.43,NA,0.23,0.56,NA,1.26,NA,NA,0.62,NA,NA,NA,NA,NA,NA,NA,NA,NA,NA,NA,NA,NA,NA,NA,NA,NA,-120.34,-16.64,NA,NA,NA,NA,NA,NA,NA,NA,NA,NA,NA,NA,NA,NA,NA,NA,NA,NA,NA,NA,NA,NA,NA,NA
NA,nellie_juan,2017-04-20T22:40:00Z,110,2017,NA,NA,NA,NA,NA,NA,NA,NA,NA,NA,NA,NA,NA,NA,NA,NA,NA,NA,NA,NA,NA,NA,NA,NA,NA,NA,NA,NA,NA,0.82,NA,NA,NA,NA,NA,NA,NA,NA,NA,NA,NA,NA,NA,NA,NA,NA,NA,-108.38,-15.16,NA,NA,NA,NA,NA,NA,NA,NA,NA,NA,NA,NA,NA,NA,NA,NA,NA,NA,NA,NA,NA,NA,NA,NA
NA,tundra,2017-04-28T19:30:00Z,118,2017,NA,NA,NA,NA,NA,NA,NA,NA,NA,NA,NA,NA,NA,NA,NA,NA,NA,NA,NA,NA,NA,NA,NA,NA,NA,NA,NA,NA,NA,0.5,NA,NA,NA,NA,NA,NA,NA,NA,NA,NA,NA,NA,NA,NA,NA,NA,NA,-107.11,-14.9,NA,NA,NA,NA,NA,NA,NA,NA,NA,NA,NA,NA,NA,NA,NA,NA,NA,NA,NA,NA,NA,NA,NA,NA
NA,terminus,2017-04-28T20:15:00Z,118,2017,NA,NA,NA,NA,NA,NA,NA,NA,NA,NA,NA,NA,NA,NA,NA,NA,NA,NA,NA,NA,NA,NA,NA,NA,NA,NA,NA,NA,NA,0.17,NA,NA,NA,NA,NA,NA,NA,NA,NA,NA,NA,NA,NA,NA,NA,NA,NA,-126.84,-17.57,NA,NA,NA,NA,NA,NA,NA,NA,NA,NA,NA,NA,NA,NA,NA,NA,NA,NA,NA,NA,NA,NA,NA,NA
NA,tundra,2017-05-10T23:00:00Z,130,2017,NA,NA,NA,NA,NA,NA,NA,NA,NA,NA,NA,NA,NA,NA,NA,NA,NA,NA,NA,NA,NA,NA,NA,NA,NA,NA,NA,NA,NA,0.82,NA,NA,NA,NA,NA,NA,NA,NA,NA,NA,NA,NA,NA,NA,NA,NA,NA,-123.49,-16.49,NA,NA,NA,NA,NA,NA,NA,NA,NA,NA,NA,NA,NA,NA,NA,NA,NA,NA,NA,NA,NA,NA,NA,NA
NA,nellie_juan,2017-05-11T00:00:00Z,130,2017,NA,NA,NA,NA,NA,NA,NA,NA,NA,NA,NA,NA,NA,NA,NA,NA,NA,NA,NA,NA,NA,NA,NA,NA,NA,NA,NA,NA,NA,0.81,NA,NA,NA,NA,NA,NA,NA,NA,NA,NA,NA,NA,NA,NA,NA,NA,NA,-114.39,-15.77,NA,NA,NA,NA,NA,NA,NA,NA,NA,NA,NA,NA,NA,NA,NA,NA,NA,NA,NA,NA,NA,NA,NA,NA
NA,terminus,2017-06-16T02:50:00Z,166,2017,0.9,NA,NA,51,7.59,NA,NA,NA,NA,NA,NA,NA,NA,0,NA,0,0.012,NA,NA,NA,NA,9.55,NA,0.3,0.41,NA,0.62,NA,NA,0.11,NA,NA,NA,NA,NA,NA,NA,NA,NA,NA,NA,NA,NA,NA,NA,NA,NA,-125.65,-17.33,NA,NA,NA,NA,NA,NA,NA,NA,NA,NA,NA,NA,NA,NA,NA,NA,NA,NA,NA,NA,NA,NA,NA,NA
NA,tundra,2017-06-16T04:09:00Z,166,2017,2.7,NA,NA,16,7.04,NA,NA,NA,NA,NA,NA,NA,NA,0,NA,0,0.022,NA,NA,NA,NA,4.36,NA,0.05,0.09,NA,0.37,NA,NA,0.34,NA,NA,NA,NA,NA,NA,NA,NA,NA,NA,NA,NA,NA,NA,NA,NA,NA,-129.35,-17.06,NA,NA,NA,NA,NA,NA,NA,NA,NA,NA,NA,NA,NA,NA,NA,NA,NA,NA,NA,NA,NA,NA,NA,NA
NA,lake_inlet,2017-06-16T04:41:00Z,166,2017,6.3,NA,NA,21,7.29,NA,NA,NA,NA,NA,NA,NA,NA,0,NA,0,0,NA,NA,NA,NA,5.99,NA,0.06,0.11,NA,0.38,NA,NA,NA,NA,NA,NA,NA,NA,NA,NA,NA,NA,NA,NA,NA,NA,NA,NA,NA,NA,-125.05,-16.38,NA,NA,NA,NA,NA,NA,NA,NA,NA,NA,NA,NA,NA,NA,NA,NA,NA,NA,NA,NA,NA,NA,NA,NA
NA,cabin_stream,2017-06-16T05:45:00Z,166,2017,1.4,NA,NA,35,7.27,NA,NA,NA,NA,NA,NA,NA,NA,0,NA,0,0,NA,NA,NA,NA,8.6,NA,0.05,0.25,NA,0.46,NA,NA,0.33,NA,NA,NA,NA,NA,NA,NA,NA,NA,NA,NA,NA,NA,NA,NA,NA,NA,-130.76,-17.28,NA,NA,NA,NA,NA,NA,NA,NA,NA,NA,NA,NA,NA,NA,NA,NA,NA,NA,NA,NA,NA,NA,NA,NA
NA,bench_outlet,2017-06-17T19:35:00Z,168,2017,0.6,NA,NA,59,7.39,NA,NA,NA,NA,NA,NA,NA,NA,0,NA,0,0.014,NA,NA,NA,NA,10.54,NA,0.3,0.46,NA,0.69,NA,NA,0.21,NA,NA,NA,NA,NA,NA,NA,NA,NA,NA,NA,NA,NA,NA,NA,NA,NA,-139.24,-18.1,NA,NA,NA,NA,NA,NA,NA,NA,NA,NA,NA,NA,NA,NA,NA,NA,NA,NA,NA,NA,NA,NA,NA,NA
NA,terminus,2017-06-18T00:10:00Z,168,2017,0.9,NA,NA,45,7.68,NA,NA,NA,NA,NA,NA,NA,NA,0,NA,0,0,NA,NA,NA,NA,9.2,NA,0.24,0.39,NA,0.53,NA,NA,0.09,NA,NA,NA,NA,NA,NA,NA,NA,NA,NA,NA,NA,NA,NA,NA,NA,NA,-124.6,-16.37,NA,NA,NA,NA,NA,NA,NA,NA,NA,NA,NA,NA,NA,NA,NA,NA,NA,NA,NA,NA,NA,NA,NA,NA
NA,tundra,2017-06-18T01:24:00Z,168,2017,3.1,NA,NA,12,6.89,NA,NA,NA,NA,NA,NA,NA,NA,0,NA,0,0,NA,NA,NA,NA,4.53,NA,0.06,0.1,NA,0.38,NA,NA,0.3,NA,NA,NA,NA,NA,NA,NA,NA,NA,NA,NA,NA,NA,NA,NA,NA,NA,-126.02,-16.38,NA,NA,NA,NA,NA,NA,NA,NA,NA,NA,NA,NA,NA,NA,NA,NA,NA,NA,NA,NA,NA,NA,NA,NA
NA,lake_inlet,2017-06-18T01:40:00Z,168,2017,10.2,NA,NA,23,7.3,NA,NA,NA,NA,NA,NA,NA,NA,0,NA,0,0,NA,NA,NA,NA,6.36,NA,0.05,0.11,NA,0.4,NA,NA,1.03,NA,NA,NA,NA,NA,NA,NA,NA,NA,NA,NA,NA,NA,NA,NA,NA,NA,-121.34,-16.07,NA,NA,NA,NA,NA,NA,NA,NA,NA,NA,NA,NA,NA,NA,NA,NA,NA,NA,NA,NA,NA,NA,NA,NA
NA,cabin_stream,2017-06-18T03:10:00Z,168,2017,2,NA,NA,36,7.32,NA,NA,NA,NA,NA,NA,NA,NA,0,NA,0,0,NA,NA,NA,NA,8.69,NA,0.05,0.26,NA,0.48,NA,NA,0.35,NA,NA,NA,NA,NA,NA,NA,NA,NA,NA,NA,NA,NA,NA,NA,NA,NA,-131.95,-17.18,NA,NA,NA,NA,NA,NA,NA,NA,NA,NA,NA,NA,NA,NA,NA,NA,NA,NA,NA,NA,NA,NA,NA,NA
NA,bench_outlet,2017-06-18T19:50:00Z,169,2017,0.2,NA,NA,38,7.25,NA,NA,NA,NA,NA,NA,NA,NA,0,NA,0,0,NA,NA,NA,NA,8.38,NA,0.28,0.28,NA,0.53,NA,NA,NA,NA,NA,NA,NA,NA,NA,NA,NA,NA,NA,NA,NA,NA,NA,NA,NA,NA,-127.94,-17.4,NA,NA,NA,NA,NA,NA,NA,NA,NA,NA,NA,NA,NA,NA,NA,NA,NA,NA,NA,NA,NA,NA,NA,NA
NA,shallow_gw,2017-06-18T20:40:00Z,169,2017,NA,NA,NA,NA,NA,NA,NA,NA,NA,NA,NA,NA,NA,0.0112,NA,0.0847,0,NA,NA,NA,NA,NA,NA,NA,NA,NA,NA,NA,NA,1.45,NA,NA,NA,NA,NA,NA,NA,NA,NA,NA,NA,NA,NA,NA,NA,NA,NA,-120.05,-16.23,NA,NA,NA,NA,NA,NA,NA,NA,NA,NA,NA,NA,NA,NA,NA,NA,NA,NA,NA,NA,NA,NA,NA,NA
NA,shallow_gw,2017-06-18T21:02:00Z,169,2017,NA,NA,NA,NA,NA,NA,NA,NA,NA,NA,NA,NA,NA,0.0114,NA,0.116,0,NA,NA,NA,NA,NA,NA,NA,NA,NA,NA,NA,NA,3.09,NA,NA,NA,NA,NA,NA,NA,NA,NA,NA,NA,NA,NA,NA,NA,NA,NA,-118.29,-15.43,NA,NA,NA,NA,NA,NA,NA,NA,NA,NA,NA,NA,NA,NA,NA,NA,NA,NA,NA,NA,NA,NA,NA,NA
NA,shallow_gw,2017-06-18T21:22:00Z,169,2017,NA,NA,NA,NA,NA,NA,NA,NA,NA,NA,NA,NA,NA,0,NA,0.0173,0,NA,NA,NA,NA,NA,NA,NA,NA,NA,NA,NA,NA,0.88,NA,NA,NA,NA,NA,NA,NA,NA,NA,NA,NA,NA,NA,NA,NA,NA,NA,-127.3,-16.97,NA,NA,NA,NA,NA,NA,NA,NA,NA,NA,NA,NA,NA,NA,NA,NA,NA,NA,NA,NA,NA,NA,NA,NA
NA,terminus,2017-06-18T23:37:00Z,169,2017,0.8,NA,NA,40,7.61,NA,NA,NA,NA,NA,NA,NA,NA,0,NA,0,0.01,NA,NA,NA,NA,8.51,NA,0.18,0.32,NA,0.49,NA,NA,NA,NA,NA,NA,NA,NA,NA,NA,NA,NA,NA,NA,NA,NA,NA,NA,NA,NA,-131.49,-17.44,NA,NA,NA,NA,NA,NA,NA,NA,NA,NA,NA,NA,NA,NA,NA,NA,NA,NA,NA,NA,NA,NA,NA,NA
NA,tundra,2017-06-19T00:21:00Z,169,2017,3.6,NA,NA,14,6.99,NA,NA,NA,NA,NA,NA,NA,NA,0,NA,0,0,NA,NA,NA,NA,4.29,NA,0.03,0.09,NA,0.33,NA,NA,0.33,NA,NA,NA,NA,NA,NA,NA,NA,NA,NA,NA,NA,NA,NA,NA,NA,NA,-120.74,-16.79,NA,NA,NA,NA,NA,NA,NA,NA,NA,NA,NA,NA,NA,NA,NA,NA,NA,NA,NA,NA,NA,NA,NA,NA
NA,lake_inlet,2017-06-19T00:52:00Z,169,2017,10.6,NA,NA,24,7.35,NA,NA,NA,NA,NA,NA,NA,NA,0,NA,0,0,NA,NA,NA,NA,6.82,NA,0.05,0.11,NA,0.41,NA,NA,0.44,NA,NA,NA,NA,NA,NA,NA,NA,NA,NA,NA,NA,NA,NA,NA,NA,NA,-122.95,-16.14,NA,NA,NA,NA,NA,NA,NA,NA,NA,NA,NA,NA,NA,NA,NA,NA,NA,NA,NA,NA,NA,NA,NA,NA
NA,cabin_stream,2017-06-19T02:02:00Z,169,2017,3.2,NA,NA,32,7.31,NA,NA,NA,NA,NA,NA,NA,NA,0,NA,0,0,NA,NA,NA,NA,7.88,NA,0.05,0.23,NA,0.46,NA,NA,0.41,NA,NA,NA,NA,NA,NA,NA,NA,NA,NA,NA,NA,NA,NA,NA,NA,NA,-130.7,-17.21,NA,NA,NA,NA,NA,NA,NA,NA,NA,NA,NA,NA,NA,NA,NA,NA,NA,NA,NA,NA,NA,NA,NA,NA
NA,cabin_stream,2017-06-19T15:31:00Z,170,2017,1.6,NA,NA,38,7.08,NA,NA,NA,NA,NA,NA,NA,NA,0,NA,0,0,NA,NA,NA,NA,8.97,NA,0.05,0.27,NA,0.49,NA,NA,0.6,NA,NA,NA,NA,NA,NA,NA,NA,NA,NA,NA,NA,NA,NA,NA,NA,NA,-131.78,-17.16,NA,NA,NA,NA,NA,NA,NA,NA,NA,NA,NA,NA,NA,NA,NA,NA,NA,NA,NA,NA,NA,NA,NA,NA
NA,lake_inlet,2017-06-19T16:15:00Z,170,2017,3.2,NA,NA,29,7.22,NA,NA,NA,NA,NA,NA,NA,NA,0,NA,0,0,NA,NA,NA,NA,7.44,NA,0.04,0.13,NA,0.45,NA,NA,0.78,NA,NA,NA,NA,NA,NA,NA,NA,NA,NA,NA,NA,NA,NA,NA,NA,NA,-124.65,-16.58,NA,NA,NA,NA,NA,NA,NA,NA,NA,NA,NA,NA,NA,NA,NA,NA,NA,NA,NA,NA,NA,NA,NA,NA
NA,bench_outlet,2017-06-19T17:35:00Z,170,2017,3.2,NA,NA,29,7.22,NA,NA,NA,NA,NA,NA,NA,NA,0,NA,0,0,NA,NA,NA,NA,5.6,NA,0.2,0.19,NA,0.38,NA,NA,0.15,NA,NA,NA,NA,NA,NA,NA,NA,NA,NA,NA,NA,NA,NA,NA,NA,NA,-127.69,-16.67,NA,NA,NA,NA,NA,NA,NA,NA,NA,NA,NA,NA,NA,NA,NA,NA,NA,NA,NA,NA,NA,NA,NA,NA
NA,terminus,2017-06-19T19:46:00Z,170,2017,0.7,NA,NA,46,7.64,NA,NA,NA,NA,NA,NA,NA,NA,0,NA,0,0.016,NA,NA,NA,NA,9.83,NA,0.23,0.38,NA,0.57,NA,NA,NA,NA,NA,NA,NA,NA,NA,NA,NA,NA,NA,NA,NA,NA,NA,NA,NA,NA,-132.36,-17.7,NA,NA,NA,NA,NA,NA,NA,NA,NA,NA,NA,NA,NA,NA,NA,NA,NA,NA,NA,NA,NA,NA,NA,NA
NA,nellie_juan,2017-06-19T20:08:00Z,170,2017,4.6,NA,NA,44,7.32,NA,NA,NA,NA,NA,NA,NA,NA,0,NA,0,0.024,NA,NA,NA,NA,9.65,NA,0.17,0.43,NA,0.66,NA,NA,NA,NA,NA,NA,NA,NA,NA,NA,NA,NA,NA,NA,NA,NA,NA,NA,NA,NA,-120.45,-16.22,NA,NA,NA,NA,NA,NA,NA,NA,NA,NA,NA,NA,NA,NA,NA,NA,NA,NA,NA,NA,NA,NA,NA,NA
NA,stream_gauge,2017-07-21T03:15:00Z,201,2017,0.8,13.96,NA,20,7.27,NA,NA,NA,NA,NA,NA,NA,NA,0,NA,0,0.012,NA,NA,NA,NA,3.75,NA,0.05,0.04,NA,0.05,NA,NA,0.29,NA,NA,NA,NA,NA,NA,NA,NA,NA,NA,NA,NA,NA,NA,NA,NA,NA,-120.77,-16.55,NA,NA,NA,NA,NA,NA,NA,NA,NA,NA,NA,NA,160,NA,NA,NA,NA,NA,NA,NA,NA,NA,NA,NA
NA,nellie_juan,2017-07-21T04:15:00Z,201,2017,5.2,NA,NA,29,6.82,NA,NA,NA,NA,NA,NA,NA,NA,0,NA,0,0.014,NA,NA,NA,NA,NA,NA,NA,NA,NA,NA,NA,NA,0.41,NA,NA,NA,NA,NA,NA,NA,NA,NA,NA,NA,NA,NA,NA,NA,NA,NA,-112.38,-15.19,NA,NA,NA,NA,NA,NA,NA,NA,NA,NA,NA,NA,NA,NA,NA,NA,NA,NA,NA,NA,NA,NA,NA,NA
NA,terminus,2017-07-21T04:44:00Z,201,2017,0.6,NA,NA,17,8.43,NA,NA,NA,NA,NA,NA,NA,NA,0,NA,0,0,NA,NA,NA,NA,7,NA,0.14,0.3,NA,0.38,NA,NA,0.19,NA,NA,NA,NA,NA,NA,NA,NA,NA,NA,NA,NA,NA,NA,NA,NA,NA,-121.59,-16.25,NA,NA,NA,NA,NA,NA,NA,NA,NA,NA,NA,NA,NA,NA,NA,NA,NA,NA,NA,NA,NA,NA,NA,NA
NA,tundra,2017-07-21T19:44:00Z,202,2017,10.1,NA,NA,12,7.12,NA,NA,NA,NA,NA,NA,NA,NA,0,NA,0.0942,0.027,NA,NA,NA,NA,4.71,NA,0.07,0.13,NA,0.18,NA,NA,0.38,NA,NA,NA,NA,NA,NA,NA,NA,NA,NA,NA,NA,NA,NA,NA,NA,NA,-118.01,-16.02,NA,NA,NA,NA,NA,NA,NA,NA,NA,NA,NA,NA,NA,NA,NA,NA,NA,NA,NA,NA,NA,NA,NA,NA
NA,lake_inlet,2017-07-21T20:28:00Z,202,2017,14,NA,NA,47,7.6,NA,NA,NA,NA,NA,NA,NA,NA,0,NA,0,0,NA,NA,NA,NA,4.56,NA,0.1,0.1,NA,0.38,NA,NA,0.72,NA,NA,NA,NA,NA,NA,NA,NA,NA,NA,NA,NA,NA,NA,NA,NA,NA,-113.61,-15.35,NA,NA,NA,NA,NA,NA,NA,NA,NA,NA,NA,NA,NA,NA,NA,NA,NA,NA,NA,NA,NA,NA,NA,NA
NA,glacial_melt,2017-07-21T22:51:00Z,202,2017,1.1,NA,NA,13,8.61,NA,NA,NA,NA,NA,NA,NA,NA,NA,NA,NA,NA,NA,NA,NA,NA,11.08,NA,0.03,0.2,NA,0.71,NA,NA,0.14,NA,NA,NA,NA,NA,NA,NA,NA,NA,NA,NA,NA,NA,NA,NA,NA,NA,-120.18,-15.69,NA,NA,NA,NA,NA,NA,NA,NA,NA,NA,NA,NA,NA,NA,NA,NA,NA,NA,NA,NA,NA,NA,NA,NA
NA,terminus,2017-07-23T22:25:00Z,204,2017,0.7,NA,NA,15,6.97,NA,NA,NA,NA,NA,NA,NA,NA,0,NA,0,0,NA,NA,NA,NA,5.21,NA,0.08,0.14,NA,0.19,NA,NA,0.23,NA,NA,NA,NA,NA,NA,NA,NA,NA,NA,NA,NA,NA,NA,NA,NA,NA,-117.12,-15.6,NA,NA,NA,NA,NA,NA,NA,NA,NA,NA,NA,NA,NA,NA,NA,NA,NA,NA,NA,NA,NA,NA,NA,NA
NA,terminus_gw,2017-07-23T23:16:00Z,204,2017,13.7,NA,NA,114,7.8,NA,NA,NA,NA,NA,NA,NA,NA,0,NA,0,0.011,NA,NA,NA,NA,0.14,NA,NA,0.01,NA,0.03,NA,NA,1.56,NA,NA,NA,NA,NA,NA,NA,NA,NA,NA,NA,NA,NA,NA,NA,NA,NA,-116.35,-15.65,NA,NA,NA,NA,NA,NA,NA,NA,NA,NA,NA,NA,NA,NA,NA,NA,NA,NA,NA,NA,NA,NA,NA,NA
NA,tundra,2017-07-24T00:14:00Z,204,2017,13.1,NA,NA,19,7.29,NA,NA,NA,NA,NA,NA,NA,NA,0,NA,0,0,NA,NA,NA,NA,4.02,NA,0.08,0.13,NA,0.2,NA,NA,0.26,NA,NA,NA,NA,NA,NA,NA,NA,NA,NA,NA,NA,NA,NA,NA,NA,NA,-115.81,-15.45,NA,NA,NA,NA,NA,NA,NA,NA,NA,NA,NA,NA,NA,NA,NA,NA,NA,NA,NA,NA,NA,NA,NA,NA
NA,lake_inlet,2017-07-24T00:54:00Z,204,2017,16.5,NA,NA,50,7.73,NA,NA,NA,NA,NA,NA,NA,NA,0,NA,0.0411,0,NA,NA,NA,NA,18.26,NA,0.25,0.48,NA,0.9,NA,NA,0.84,NA,NA,NA,NA,NA,NA,NA,NA,NA,NA,NA,NA,NA,NA,NA,NA,NA,-113.27,-15.12,NA,NA,NA,NA,NA,NA,NA,NA,NA,NA,NA,NA,NA,NA,NA,NA,NA,NA,NA,NA,NA,NA,NA,NA
NA,glacial_melt,2017-07-24T03:42:00Z,204,2017,0.4,NA,NA,8,8.35,NA,NA,NA,NA,NA,NA,NA,NA,0,NA,0,0,NA,NA,NA,NA,4.9,NA,0.09,0.11,NA,0.4,NA,NA,0.14,NA,NA,NA,NA,NA,NA,NA,NA,NA,NA,NA,NA,NA,NA,NA,NA,NA,-116.35,-15.65,NA,NA,NA,NA,NA,NA,NA,NA,NA,NA,NA,NA,NA,NA,NA,NA,NA,NA,NA,NA,NA,NA,NA,NA
NA,glacial_melt,2017-07-24T17:17:00Z,205,2017,0,NA,NA,7,6.48,NA,NA,NA,NA,NA,NA,NA,NA,0,NA,0,0,NA,NA,NA,NA,10.65,NA,0.08,0.2,NA,0.87,NA,NA,0.08,NA,NA,NA,NA,NA,NA,NA,NA,NA,NA,NA,NA,NA,NA,NA,NA,NA,-117.12,-15.6,NA,NA,NA,NA,NA,NA,NA,NA,NA,NA,NA,NA,NA,NA,NA,NA,NA,NA,NA,NA,NA,NA,NA,NA
NA,tundra,2017-07-24T19:50:00Z,205,2017,19.6,NA,NA,13,6.8,NA,NA,NA,NA,NA,NA,NA,NA,0,NA,0,0,NA,NA,NA,NA,2.7,NA,0.09,0.04,NA,0.05,NA,NA,0.56,NA,NA,NA,NA,NA,NA,NA,NA,NA,NA,NA,NA,NA,NA,NA,NA,NA,-116.41,-15.78,NA,NA,NA,NA,NA,NA,NA,NA,NA,NA,NA,NA,NA,NA,NA,NA,NA,NA,NA,NA,NA,NA,NA,NA
NA,lake_inlet,2017-07-24T20:30:00Z,205,2017,NA,NA,NA,NA,NA,NA,NA,NA,NA,NA,NA,NA,NA,0,NA,0,0,NA,NA,NA,NA,2.61,NA,0.05,0.03,NA,0.05,NA,NA,0.69,NA,NA,NA,NA,NA,NA,NA,NA,NA,NA,NA,NA,NA,NA,NA,NA,NA,-114.68,-15.2,NA,NA,NA,NA,NA,NA,NA,NA,NA,NA,NA,NA,NA,NA,NA,NA,NA,NA,NA,NA,NA,NA,NA,NA
NA,terminus,2017-07-24T23:15:00Z,205,2017,NA,NA,NA,NA,NA,NA,NA,NA,NA,NA,NA,NA,NA,0,NA,0,0.012,NA,NA,NA,NA,4.53,NA,0.1,0.1,NA,0.38,NA,NA,0.15,NA,NA,NA,NA,NA,NA,NA,NA,NA,NA,NA,NA,NA,NA,NA,NA,NA,-121.15,-16.61,NA,NA,NA,NA,NA,NA,NA,NA,NA,NA,NA,NA,NA,NA,NA,NA,NA,NA,NA,NA,NA,NA,NA,NA
NA,terminus_gw,2017-07-25T00:00:00Z,205,2017,NA,NA,NA,NA,NA,NA,NA,NA,NA,NA,NA,NA,NA,0,NA,0,0.011,NA,NA,NA,NA,11.46,NA,0.03,0.22,NA,0.79,NA,NA,1.61,NA,NA,NA,NA,NA,NA,NA,NA,NA,NA,NA,NA,NA,NA,NA,NA,NA,-97.96,-12.33,NA,NA,NA,NA,NA,NA,NA,NA,NA,NA,NA,NA,NA,NA,NA,NA,NA,NA,NA,NA,NA,NA,NA,NA
NA,nellie_juan,2017-07-25T00:50:00Z,205,2017,NA,NA,NA,NA,NA,NA,NA,NA,NA,NA,NA,NA,NA,0,NA,0,0,NA,NA,NA,NA,4.09,NA,0.05,0.12,NA,0.18,NA,NA,0.27,NA,NA,NA,NA,NA,NA,NA,NA,NA,NA,NA,NA,NA,NA,NA,NA,NA,-113.78,-15.26,NA,NA,NA,NA,NA,NA,NA,NA,NA,NA,NA,NA,NA,NA,NA,NA,NA,NA,NA,NA,NA,NA,NA,NA
NA,nellie_juan,2017-09-08T17:25:00Z,251,2017,4.4,13.25,NA,39,6.95,NA,NA,NA,NA,NA,NA,NA,NA,NA,NA,NA,NA,NA,NA,NA,NA,17.89,NA,0.26,0.47,NA,0.88,NA,NA,0.84,1.54,NA,NA,NA,NA,NA,NA,NA,NA,NA,NA,NA,NA,NA,NA,NA,NA,-112.87,-14.72,NA,NA,NA,NA,NA,NA,NA,NA,NA,NA,NA,NA,72,NA,NA,NA,NA,NA,NA,NA,NA,NA,NA,NA
NA,stream_gauge,2017-09-08T18:30:00Z,251,2017,1.1,13.7,NA,27,6.63,NA,NA,NA,NA,NA,NA,NA,NA,NA,NA,NA,NA,NA,NA,NA,NA,6.76,NA,0.12,0.31,NA,0.42,NA,NA,0.3,1.01,NA,NA,NA,NA,NA,NA,NA,NA,NA,NA,NA,NA,NA,NA,NA,NA,-116.76,-14.95,NA,NA,NA,NA,NA,NA,NA,NA,NA,NA,NA,NA,72,NA,NA,NA,NA,NA,NA,NA,NA,NA,NA,NA
NA,terminus,2017-09-08T19:19:00Z,251,2017,0.8,13.43,NA,27,6.85,NA,NA,NA,NA,NA,NA,NA,NA,NA,NA,NA,NA,NA,NA,NA,NA,8.41,NA,0.21,0.43,NA,0.51,NA,NA,0.16,1.92,NA,NA,NA,NA,NA,NA,NA,NA,NA,NA,NA,NA,NA,NA,NA,NA,-120.35,-15.83,NA,NA,NA,NA,NA,NA,NA,NA,NA,NA,NA,NA,70,NA,NA,NA,NA,NA,NA,NA,NA,NA,NA,NA
NA,terminus_gw,2017-09-08T19:40:00Z,251,2017,7.6,10.9,NA,85,7.11,NA,NA,NA,NA,NA,NA,NA,NA,NA,NA,NA,NA,NA,NA,NA,NA,6.4,NA,0.12,0.24,NA,0.29,NA,NA,0.89,NA,NA,NA,NA,NA,NA,NA,NA,NA,NA,NA,NA,NA,NA,NA,NA,NA,-96.6,-12.24,NA,NA,NA,NA,NA,NA,NA,NA,NA,NA,NA,NA,63,NA,NA,NA,NA,NA,NA,NA,NA,NA,NA,NA
NA,tundra,2017-09-08T20:40:00Z,251,2017,6.6,11.16,NA,28,7.11,NA,NA,NA,NA,NA,NA,NA,NA,NA,NA,NA,NA,NA,NA,NA,NA,5.73,NA,0.13,0.25,NA,0.3,NA,NA,0.71,1.41,NA,NA,NA,NA,NA,NA,NA,NA,NA,NA,NA,NA,NA,NA,NA,NA,-115.39,-15.4,NA,NA,NA,NA,NA,NA,NA,NA,NA,NA,NA,NA,17,NA,NA,NA,NA,NA,NA,NA,NA,NA,NA,NA
NA,lake_inlet,2017-09-08T21:35:00Z,251,2017,6.7,10.92,NA,37,7.31,NA,NA,NA,NA,NA,NA,NA,NA,NA,NA,NA,NA,NA,NA,NA,NA,14.95,NA,0.24,0.35,NA,0.73,NA,NA,1.08,1.44,NA,NA,NA,NA,NA,NA,NA,NA,NA,NA,NA,NA,NA,NA,NA,NA,-119,-15.26,NA,NA,NA,NA,NA,NA,NA,NA,NA,NA,NA,NA,0,NA,NA,NA,NA,NA,NA,NA,NA,NA,NA,NA
NA,glacial_melt,2017-09-08T23:10:00Z,251,2017,0.8,12.52,NA,4,6.45,NA,NA,NA,NA,NA,NA,NA,NA,NA,NA,NA,NA,NA,NA,NA,NA,6.69,NA,0.1,0.14,NA,0.48,NA,NA,0,NA,NA,NA,NA,NA,NA,NA,NA,NA,NA,NA,NA,NA,NA,NA,NA,NA,-129.93,-16.58,NA,NA,NA,NA,NA,NA,NA,NA,NA,NA,NA,NA,2,NA,NA,NA,NA,NA,NA,NA,NA,NA,NA,NA
NA,terminus,2017-09-10T19:50:00Z,253,2017,0.7,13.58,NA,25,6.77,NA,NA,NA,NA,NA,NA,NA,NA,NA,NA,NA,NA,NA,NA,NA,NA,8.59,NA,0.1,0.15,NA,0.57,NA,NA,0,1.5,NA,NA,NA,NA,NA,NA,NA,NA,NA,NA,NA,NA,NA,NA,NA,NA,-126.26,-16.62,NA,NA,NA,NA,NA,NA,NA,NA,NA,NA,NA,NA,62,NA,NA,NA,NA,NA,NA,NA,NA,NA,NA,NA
NA,terminus_gw,2017-09-10T20:20:00Z,253,2017,8.2,10.96,NA,94,7.13,NA,NA,NA,NA,NA,NA,NA,NA,NA,NA,NA,NA,NA,NA,NA,NA,0.23,NA,0.06,0.02,NA,0.04,NA,NA,0.97,NA,NA,NA,NA,NA,NA,NA,NA,NA,NA,NA,NA,NA,NA,NA,NA,NA,-109.64,-14.08,NA,NA,NA,NA,NA,NA,NA,NA,NA,NA,NA,NA,4,NA,NA,NA,NA,NA,NA,NA,NA,NA,NA,NA
NA,tundra,2017-09-10T21:30:00Z,253,2017,7.3,11.05,NA,28,7.34,NA,NA,NA,NA,NA,NA,NA,NA,NA,NA,NA,NA,NA,NA,NA,NA,5.57,NA,0.13,0.24,NA,0.34,NA,NA,0.6,1.41,NA,NA,NA,NA,NA,NA,NA,NA,NA,NA,NA,NA,NA,NA,NA,NA,-117.61,-15.47,NA,NA,NA,NA,NA,NA,NA,NA,NA,NA,NA,NA,1,NA,NA,NA,NA,NA,NA,NA,NA,NA,NA,NA
NA,shallow_gw,2017-09-10T21:57:00Z,253,2017,5.7,10.95,NA,39,7.06,NA,NA,NA,NA,NA,NA,NA,NA,NA,NA,NA,NA,NA,NA,NA,NA,15.9,NA,0.25,0.37,NA,0.76,NA,NA,0.66,NA,NA,NA,NA,NA,NA,NA,NA,NA,NA,NA,NA,NA,NA,NA,NA,NA,-122.11,-15.26,NA,NA,NA,NA,NA,NA,NA,NA,NA,NA,NA,NA,1,NA,NA,NA,NA,NA,NA,NA,NA,NA,NA,NA
NA,shallow_gw,2017-09-10T22:26:00Z,253,2017,8.5,7.35,NA,20,6.1,NA,NA,NA,NA,NA,NA,NA,NA,NA,NA,NA,NA,NA,NA,NA,NA,6.69,NA,0.09,0.14,NA,0.49,NA,NA,5.98,NA,NA,NA,NA,NA,NA,NA,NA,NA,NA,NA,NA,NA,NA,NA,NA,NA,-120.18,-15.3,NA,NA,NA,NA,NA,NA,NA,NA,NA,NA,NA,NA,1,NA,NA,NA,NA,NA,NA,NA,NA,NA,NA,NA
NA,lake_inlet,2017-09-10T22:43:00Z,253,2017,9.4,10.4,NA,37,7.14,NA,NA,NA,NA,NA,NA,NA,NA,NA,NA,NA,NA,NA,NA,NA,NA,8.11,NA,0.12,0.25,NA,0.77,NA,NA,1.1,1.41,NA,NA,NA,NA,NA,NA,NA,NA,NA,NA,NA,NA,NA,NA,NA,NA,-120.76,-15.12,NA,NA,NA,NA,NA,NA,NA,NA,NA,NA,NA,NA,0,NA,NA,NA,NA,NA,NA,NA,NA,NA,NA,NA
NA,shallow_gw,2017-09-10T23:30:00Z,253,2017,11,9.94,NA,56,7.16,NA,NA,NA,NA,NA,NA,NA,NA,NA,NA,NA,NA,NA,NA,NA,NA,3.29,NA,0.25,0.17,NA,0.68,NA,NA,1.33,NA,NA,NA,NA,NA,NA,NA,NA,NA,NA,NA,NA,NA,NA,NA,NA,NA,-119.28,-14.88,NA,NA,NA,NA,NA,NA,NA,NA,NA,NA,NA,NA,2,NA,NA,NA,NA,NA,NA,NA,NA,NA,NA,NA
NA,glacial_melt,2017-09-11T01:23:00Z,253,2017,1.5,11.1,NA,39,6.76,NA,NA,NA,NA,NA,NA,NA,NA,NA,NA,NA,NA,NA,NA,NA,NA,8.26,NA,0.1,0.14,NA,0.55,NA,NA,0.45,NA,NA,NA,NA,NA,NA,NA,NA,NA,NA,NA,NA,NA,NA,NA,NA,NA,-121.54,-15.99,NA,NA,NA,NA,NA,NA,NA,NA,NA,NA,NA,NA,136,NA,NA,NA,NA,NA,NA,NA,NA,NA,NA,NA
NA,lake_inlet,2017-09-12T17:06:00Z,255,2017,5.9,11.42,NA,45,7.39,NA,NA,NA,NA,NA,NA,NA,NA,NA,NA,NA,NA,NA,NA,NA,NA,11.09,NA,0.2,0.25,NA,0.79,NA,NA,0.8,1.51,NA,NA,NA,NA,NA,NA,NA,NA,NA,NA,NA,NA,NA,NA,NA,NA,-120.82,-15.19,NA,NA,NA,NA,NA,NA,NA,NA,NA,NA,NA,NA,0,NA,NA,NA,NA,NA,NA,NA,NA,NA,NA,NA
NA,tundra,2017-09-12T17:40:00Z,255,2017,6.6,11.4,NA,30,7.27,NA,NA,NA,NA,NA,NA,NA,NA,NA,NA,NA,NA,NA,NA,NA,NA,8.18,NA,0.11,0.06,NA,0.07,NA,NA,0.5,1.39,NA,NA,NA,NA,NA,NA,NA,NA,NA,NA,NA,NA,NA,NA,NA,NA,-118.25,-15.43,NA,NA,NA,NA,NA,NA,NA,NA,NA,NA,NA,NA,0,NA,NA,NA,NA,NA,NA,NA,NA,NA,NA,NA
NA,terminus_gw,2017-09-12T18:30:00Z,255,2017,8.4,10.7,NA,96,7.77,NA,NA,NA,NA,NA,NA,NA,NA,NA,NA,NA,NA,NA,NA,NA,NA,0.76,NA,0.07,0.03,NA,0.04,NA,NA,1.36,NA,NA,NA,NA,NA,NA,NA,NA,NA,NA,NA,NA,NA,NA,NA,NA,NA,-112.67,-13.87,NA,NA,NA,NA,NA,NA,NA,NA,NA,NA,NA,NA,4,NA,NA,NA,NA,NA,NA,NA,NA,NA,NA,NA
NA,terminus,2017-09-12T18:50:00Z,255,2017,0.7,13.42,NA,28,6.98,NA,NA,NA,NA,NA,NA,NA,NA,NA,NA,NA,NA,NA,NA,NA,NA,9.1,NA,0.1,0.17,NA,0.64,NA,NA,0,3.85,NA,NA,NA,NA,NA,NA,NA,NA,NA,NA,NA,NA,NA,NA,NA,NA,-128.78,-16.74,NA,NA,NA,NA,NA,NA,NA,NA,NA,NA,NA,NA,39,NA,NA,NA,NA,NA,NA,NA,NA,NA,NA,NA
NA,glacial_melt,2017-09-12T19:32:00Z,255,2017,1,13.72,NA,2,5.2,NA,NA,NA,NA,NA,NA,NA,NA,NA,NA,NA,NA,NA,NA,NA,NA,15.74,NA,0.26,0.4,NA,0.8,NA,NA,0,NA,NA,NA,NA,NA,NA,NA,NA,NA,NA,NA,NA,NA,NA,NA,NA,NA,-118.24,-15.76,NA,NA,NA,NA,NA,NA,NA,NA,NA,NA,NA,NA,1,NA,NA,NA,NA,NA,NA,NA,NA,NA,NA,NA
NA,nellie_juan,2017-09-12T21:45:00Z,255,2017,5.7,13.11,NA,48,6.48,NA,NA,NA,NA,NA,NA,NA,NA,NA,NA,NA,NA,NA,NA,NA,NA,7.03,NA,0.1,0.15,NA,0.47,NA,NA,0.11,1.26,NA,NA,NA,NA,NA,NA,NA,NA,NA,NA,NA,NA,NA,NA,NA,NA,-120.69,-15.41,NA,NA,NA,NA,NA,NA,NA,NA,NA,NA,NA,NA,31,NA,NA,NA,NA,NA,NA,NA,NA,NA,NA,NA
NA,stream_gauge,2017-09-15T08:00:00Z,258,2017,NA,NA,NA,NA,NA,NA,NA,NA,NA,NA,NA,NA,NA,NA,NA,NA,NA,NA,NA,NA,NA,5.94,NA,0.11,0.26,NA,0.31,NA,NA,NA,NA,NA,NA,NA,NA,NA,NA,NA,NA,NA,NA,NA,NA,NA,NA,NA,NA,NA,NA,NA,NA,NA,NA,NA,NA,NA,NA,NA,NA,NA,NA,NA,NA,NA,NA,NA,NA,NA,NA,NA,NA,NA,NA
NA,nellie_juan,2017-10-17T08:00:00Z,290,2017,NA,NA,NA,NA,NA,NA,NA,NA,NA,NA,NA,NA,NA,NA,NA,NA,NA,NA,NA,NA,NA,0.7,NA,0.06,0.02,NA,0.04,NA,NA,NA,NA,NA,NA,NA,NA,NA,NA,NA,NA,NA,NA,NA,NA,NA,NA,NA,NA,NA,NA,NA,NA,NA,NA,NA,NA,NA,NA,NA,NA,NA,NA,NA,NA,NA,NA,NA,NA,NA,NA,NA,NA,NA,NA
NA,stream_gauge,2017-10-17T08:00:00Z,290,2017,NA,NA,NA,NA,NA,NA,NA,NA,NA,NA,NA,NA,NA,NA,NA,NA,NA,NA,NA,NA,NA,9.24,NA,0.19,0.47,NA,0.6,NA,NA,NA,NA,NA,NA,NA,NA,NA,NA,NA,NA,NA,NA,NA,NA,NA,NA,NA,NA,NA,NA,NA,NA,NA,NA,NA,NA,NA,NA,NA,NA,NA,NA,NA,NA,NA,NA,NA,NA,NA,NA,NA,NA,NA,NA
WG0001,terminus,2019-06-17T00:30:00Z,167,2019,NA,NA,NA,NA,NA,5.481,303.87766,15.2074,40.33,NA,0.299569,NA,0.01,0.015,7.453487,0,0.011039,0,0.025,0.002513,0.091731,6.907665,0.07591,0.25,0.364641,0.005,0.782535,0.538229,0.038229,0.25,NA,NA,NA,NA,NA,NA,NA,NA,NA,NA,NA,NA,NA,NA,NA,NA,NA,-126.32,-16.5,NA,NA,NA,,NA,NA,,NA,NA,1.24,382,NA,NA,NA,NA,NA,NA,NA,NA,NA,NA,NA,NA,NA
WG0002,terminus,2019-06-17T01:20:00Z,167,2019,NA,NA,NA,NA,NA,5.677,225.31799,11.2759,34.39,NA,0.297526,NA,0,0.015,6.882344,0,0,0,0,0.004557,0.029459,6.365516,0.025,0.25,0.321583,0.005,0.597879,0.386316,0.035054,3.13,NA,NA,NA,NA,NA,NA,NA,NA,NA,NA,NA,NA,NA,NA,NA,NA,NA,-127.13,-16.29,NA,NA,NA,,NA,NA,,NA,NA,1.37,382,NA,NA,NA,NA,NA,NA,NA,NA,NA,NA,NA,NA,NA
WG0003,tundra,2019-06-17T02:45:00Z,167,2019,NA,NA,NA,NA,NA,5.633,165.83035,8.2989,17.22,NA,0.232377,NA,0.01,0.015,1.146776,0,0.001,0,0,0.004001,0,3.207984,0.025,0.25,0.092462,0.005,0.702464,0.672607,0.019404,1.48,NA,NA,NA,NA,NA,NA,NA,NA,NA,NA,NA,NA,NA,NA,NA,NA,NA,-119.41,-15.68,NA,NA,NA,,NA,NA,,NA,NA,1.25,474,NA,NA,NA,NA,NA,NA,NA,NA,NA,NA,NA,NA,NA
WG0004,tundra,2019-06-17T22:45:00Z,168,2019,NA,NA,NA,NA,NA,5.543,120.80391,6.0456,13.58,NA,0.244209,NA,0.01,0.015,1.035314,0,0.003545,0,0,0.00271,0,2.496769,0.025,0.25,0.07823,0.005,0.546443,0.478274,0.01578,0.25,NA,NA,NA,NA,NA,NA,NA,NA,NA,NA,NA,NA,NA,NA,NA,NA,NA,-122.08,-16.8,NA,NA,NA,,NA,NA,,NA,NA,1.24,474,NA,NA,NA,NA,NA,NA,NA,NA,NA,NA,NA,NA,NA
WG0006,tundra,2019-06-18T02:00:00Z,168,2019,NA,NA,NA,NA,NA,5.532,94.1555,4.712,12.04,NA,0.203081,NA,0.01,0.015,0.993794,0,0.004164,0,0,0.003863,0.005,2.079111,0.025,0.25,0.073683,0.005,0.527412,0.392859,0.013761,0.25,NA,NA,NA,NA,NA,NA,NA,NA,NA,NA,NA,NA,NA,NA,NA,NA,NA,-121.56,-16.54,NA,NA,NA,,NA,NA,,NA,NA,1.25,486,NA,NA,NA,NA,NA,NA,NA,NA,NA,NA,NA,NA,NA
WG0007,tundra_other_4,2019-06-18T02:05:00Z,168,2019,NA,NA,NA,NA,NA,5.596,160,8.0071,16.41,NA,0.160859,NA,0,0.015,0.862263,0,0.001,0,0.025,0.002654,0,3.142602,0.025,0.25,0.072967,0.005,0.618491,0.58652,0.015481,0.69,NA,NA,NA,NA,NA,NA,NA,NA,NA,NA,NA,NA,NA,NA,NA,NA,NA,-123.92,-16.59,NA,NA,NA,,NA,NA,,NA,NA,1.26,476,NA,NA,NA,NA,NA,NA,NA,NA,NA,NA,NA,NA,NA
WG0005,lake_outlet,2019-06-18T02:15:00Z,168,2019,NA,NA,NA,NA,NA,5.615,170.42716,8.5289,18.87,NA,0.464892,NA,0.07,0.015,1.661064,0.070288,0.061736,0,0.271411,0.011933,0.005,3.669253,0.025,0.25,0.106667,0.005,1.402242,0.754292,0.021296,0.58,NA,NA,NA,NA,NA,NA,NA,NA,NA,NA,NA,NA,NA,NA,NA,NA,NA,-121.92,-15.94,NA,NA,NA,,NA,NA,,NA,NA,1.26,472,NA,NA,NA,NA,NA,NA,NA,NA,NA,NA,NA,NA,NA
WG0008,tundra_other_5,2019-06-18T02:30:00Z,168,2019,NA,NA,NA,NA,NA,5.695,208.93067,10.4558,22.52,NA,0.213428,NA,0.01,0.015,1.381146,0,0,0,0,0.002532,0.013509,4.243123,0.025,0.25,0.10309,0.005,0.763243,0.859773,0.027122,0.83,NA,NA,NA,NA,NA,NA,NA,NA,NA,NA,NA,NA,NA,NA,NA,NA,NA,-120.98,-16.17,NA,NA,NA,,NA,NA,,NA,NA,1.29,472,NA,NA,NA,NA,NA,NA,NA,NA,NA,NA,NA,NA,NA
WG0008_replicate,tundra_other_5,2019-06-18T02:30:00Z,168,2019,NA,NA,NA,NA,NA,NA,NA,NA,NA,NA,NA,NA,NA,NA,NA,NA,NA,NA,NA,0.002507,NA,NA,NA,NA,NA,NA,NA,NA,NA,NA,NA,NA,NA,NA,NA,NA,NA,NA,NA,NA,NA,NA,NA,NA,NA,NA,NA,NA,NA,NA,NA,NA,,NA,NA,,NA,NA,NA,NA,NA,NA,NA,NA,NA,NA,NA,NA,NA,NA,NA,NA,NA
WG0009,supraglacial_3,2019-06-18T19:15:00Z,169,2019,NA,NA,NA,NA,NA,5.421,39.86486,1.995,5.44,NA,0.094578,NA,0,0.015,0.190476,0,0.001,0,0,0.014484,0.054544,0.880979,0.058667,0.25,0.025,0.005,0.420556,0.192018,0.005,0.25,NA,NA,NA,NA,NA,NA,NA,NA,NA,NA,NA,NA,NA,NA,NA,NA,NA,-122.51,-16.17,NA,NA,NA,,NA,NA,,NA,NA,1.57,428,NA,NA,NA,NA,NA,NA,NA,NA,NA,NA,NA,NA,NA
WG0010,supraglacial_2,2019-06-18T20:00:00Z,169,2019,NA,NA,NA,NA,NA,5.727,270.80745,13.5524,50.9,NA,0.590428,NA,0.03,0.015,10.751081,0,0.026908,0,0.025,0.007209,0.046338,8.464316,0.025,0.25,0.56446,0.005,1.146674,0.536486,0.045396,0.25,NA,NA,NA,NA,NA,NA,NA,NA,NA,NA,NA,NA,NA,NA,NA,NA,NA,-130.73,-17.48,NA,NA,NA,,NA,NA,,NA,NA,1.29,382,NA,NA,NA,NA,NA,NA,NA,NA,NA,NA,NA,NA,NA
WG0010_replicate,supraglacial_2,2019-06-18T20:00:00Z,169,2019,NA,NA,NA,NA,NA,NA,NA,NA,NA,NA,0.782218,NA,0.05,0.015,10.751853,NA,0.025914,0,0.025,NA,0.059981,8.462141,0.025,0.25,0.567689,0.005,1.146172,0.545519,0.045039,NA,NA,NA,NA,NA,NA,NA,NA,NA,NA,NA,NA,NA,NA,NA,NA,NA,NA,NA,NA,NA,NA,NA,,NA,NA,,NA,NA,NA,NA,NA,NA,NA,NA,NA,NA,NA,NA,NA,NA,NA,NA,NA
WG0011,tundra_other_2,2019-06-18T23:00:00Z,169,2019,NA,NA,NA,NA,NA,5.349,267.84922,13.4044,28.79,NA,0.265957,NA,0.01,0.015,1.190293,0,0,0,0,0.002431,0.005,5.085135,0.025,0.25,0.134971,0.005,0.754832,1.132156,0.024379,0.64,NA,NA,NA,NA,NA,NA,NA,NA,NA,NA,NA,NA,NA,NA,NA,NA,NA,-127.93,-16.73,NA,NA,NA,,NA,NA,,NA,NA,1.26,476,NA,NA,NA,NA,NA,NA,NA,NA,NA,NA,NA,NA,NA
WG0012,tundra_other_1,2019-06-18T23:25:00Z,169,2019,NA,NA,NA,NA,NA,5.592,267.77409,13.4006,29.75,NA,0.271389,NA,0.01,0.015,1.088857,0,0.001,0,0,0.004125,0.018576,5.597414,0.025,0.25,0.137879,0.005,0.783044,1.275557,0.025852,0.79,NA,NA,NA,NA,NA,NA,NA,NA,NA,NA,NA,NA,NA,NA,NA,NA,NA,-128.32,-16.94,NA,NA,NA,,NA,NA,,NA,NA,1.3,474,NA,NA,NA,NA,NA,NA,NA,NA,NA,NA,NA,NA,NA
WG0013,tundra_other_3,2019-06-18T23:40:00Z,169,2019,NA,NA,NA,NA,NA,5.448,109.54831,5.4823,15.78,NA,0.285544,NA,0,0.015,0.633825,0,0.001,0,0,0.004046,0.005,2.637335,0.025,0.25,0.098225,0.005,0.771044,1.04245,0.005,1.26,NA,NA,NA,NA,NA,NA,NA,NA,NA,NA,NA,NA,NA,NA,NA,NA,NA,-124.52,-16.01,NA,NA,NA,,NA,NA,,NA,NA,1.27,474,NA,NA,NA,NA,NA,NA,NA,NA,NA,NA,NA,NA,NA
WG0014,glacier_2,2019-06-19T18:00:00Z,170,2019,NA,NA,NA,NA,NA,5.652,251.49701,12.5861,48,NA,0.652996,NA,0.05,0.015,9.56673,0.005,0.047762,0,0.088136,0.002124,0.01878,7.841705,0.025,0.25,0.501191,0.005,0.945813,0.424211,0.040925,0.25,NA,NA,NA,NA,NA,NA,NA,NA,NA,NA,NA,NA,NA,NA,NA,NA,NA,-127.01,-16.62,NA,NA,NA,,NA,NA,,NA,NA,1.2,382,NA,NA,NA,NA,NA,NA,NA,NA,NA,NA,NA,NA,NA
WG0015,tundra,2019-06-19T21:10:00Z,170,2019,NA,NA,NA,NA,NA,5.575,140.94031,7.0533,16.02,NA,0.200947,NA,0.01,0.015,1.020814,0,0.003708,0,0,0.003613,0,2.636147,0,0.25,0.077551,0.005,0.533716,0.520892,0.016257,0.25,NA,NA,NA,NA,NA,NA,NA,NA,NA,NA,NA,NA,NA,NA,NA,NA,NA,-124.71,-16.48,NA,NA,NA,,NA,NA,,NA,NA,1.29,472,NA,NA,NA,NA,NA,NA,NA,NA,NA,NA,NA,NA,NA
WG0016,terminus,2019-06-19T22:20:00Z,170,2019,NA,NA,NA,NA,NA,5.684,208.86918,10.4528,33.99,NA,0.361674,NA,0.01,0.015,5.540536,0,0.015159,0,0.025,0.003862,0.063589,5.655321,0.025,0.25,0.316165,0.005,0.660555,0.447326,0.029281,0.25,NA,NA,NA,NA,NA,NA,NA,NA,NA,NA,NA,NA,NA,NA,NA,NA,NA,-121.13,-16.3,NA,NA,NA,,NA,NA,,NA,NA,1.19,382,NA,NA,NA,NA,NA,NA,NA,NA,NA,NA,NA,NA,NA
WG0017,shrub_creek,2019-06-20T00:20:00Z,170,2019,NA,NA,NA,NA,NA,5.609,195.77329,9.7974,25.04,NA,0.198086,NA,0.01,0.015,1.683004,0,0.002781,0,0,0.003333,0,4.587362,0.025,0.25,0.113433,0,0.753525,0.755153,0.021288,0.25,NA,NA,NA,NA,NA,NA,NA,NA,NA,NA,NA,NA,NA,NA,NA,NA,NA,-125.96,-16.92,NA,NA,NA,,NA,NA,,NA,NA,1.35,466,NA,NA,NA,NA,NA,NA,NA,NA,NA,NA,NA,NA,NA
WG0017_replicate,shrub_creek,2019-06-20T00:20:00Z,170,2019,NA,NA,NA,NA,NA,NA,NA,NA,NA,NA,0.195782,NA,0.01,0.015,1.685431,NA,NA,NA,NA,NA,NA,NA,NA,NA,NA,NA,NA,NA,NA,NA,NA,NA,NA,NA,NA,NA,NA,NA,NA,NA,NA,NA,NA,NA,NA,NA,NA,NA,NA,NA,NA,NA,,NA,NA,,NA,NA,NA,NA,NA,NA,NA,NA,NA,NA,NA,NA,NA,NA,NA,NA,NA
WG0018,nellie_juan,2019-07-17T19:45:00Z,198,2019,NA,NA,NA,NA,NA,5.575,224.07504,11.2137,32.62,NA,0.324795,NA,0,0.015,3.8783,0,0.015622,0,0,0.00317,0.16596,5.549105,0.123206,0.25,0.367944,0.005,0.917976,0.840379,0.030962,1.11,NA,NA,NA,NA,NA,NA,NA,NA,NA,NA,NA,NA,NA,NA,NA,NA,NA,-116.5,-15.57,NA,NA,NA,,NA,NA,,NA,NA,NA,NA,NA,NA,NA,NA,NA,NA,NA,NA,NA,NA,NA,NA,NA
WG0019,stream_gauge,2019-07-17T20:20:00Z,198,2019,1.7,13.8,NA,18,7.29,5.785,294.90969,14.7586,33.52,NA,0.146972,NA,0.01,0.015,2.400341,0,0.007448,0,0,0.002486,0.005,6.298581,0.025,0.25,0.15257,0.005,0.819033,0.939628,0.030781,1.15,NA,NA,NA,NA,NA,NA,NA,NA,NA,NA,NA,NA,NA,NA,NA,NA,NA,-117.96,-15.99,NA,NA,NA,,NA,NA,,NA,NA,NA,NA,NA,NA,NA,NA,NA,NA,NA,NA,NA,NA,NA,NA,NA
WG0020,tundra,2019-07-18T01:45:00Z,198,2019,NA,NA,NA,NA,NA,5.646,136.80918,6.8466,15.64,NA,0.126449,NA,0.01,0.015,1.014864,0,0,0.025,0.079806,0.016119,0,2.573816,0.025,0.25,0.090235,0.005,1.100584,0.517488,0.017022,2.92,NA,NA,NA,NA,NA,NA,NA,NA,NA,NA,NA,NA,NA,NA,NA,NA,NA,-115.1,-15.59,NA,NA,NA,,NA,NA,,NA,NA,NA,NA,NA,NA,NA,NA,NA,NA,NA,NA,NA,NA,NA,NA,NA
WG0020_replicate,tundra,2019-07-18T01:45:00Z,198,2019,NA,NA,NA,NA,NA,NA,NA,NA,NA,NA,NA,NA,NA,NA,NA,NA,0,0.025,0.08439,NA,0,2.527548,0.025,0.25,0.077317,0.005,1.089672,0.507252,0.016718,NA,NA,NA,NA,NA,NA,NA,NA,NA,NA,NA,NA,NA,NA,NA,NA,NA,NA,NA,NA,NA,NA,NA,,NA,NA,,NA,NA,NA,NA,NA,NA,NA,NA,NA,NA,NA,NA,NA,NA,NA,NA,NA
WG0021,glacier_2,2019-07-18T05:00:00Z,198,2019,NA,NA,NA,NA,NA,5.924,99.54853,4.9819,17.26,NA,0,NA,0,0.015,0,0,0.007441,0,0,0.002554,0.089932,2.17241,0.077607,0.25,0.133359,0.005,0.557595,0.346225,0.010803,1,NA,NA,NA,NA,NA,NA,NA,NA,NA,NA,NA,NA,NA,NA,NA,NA,NA,-124.52,-17,NA,NA,NA,,NA,NA,,NA,NA,NA,NA,NA,NA,NA,NA,NA,NA,NA,NA,NA,NA,NA,NA,NA
WG0022,glacier_2,2019-07-18T17:15:00Z,199,2019,0.2,NA,89.8,14,NA,5.484,101.7765,5.0934,13.91,NA,0.186168,NA,0.01,0.015,1.582014,0,0.008945,0,0,0.002988,0.195623,2.312785,0.159376,0.25,0.165398,0.005,0.494731,0.519802,0.010542,1,NA,NA,NA,NA,NA,NA,NA,NA,NA,NA,NA,NA,NA,NA,NA,NA,NA,-125.07,-16.96,NA,NA,NA,,NA,NA,,NA,NA,NA,NA,NA,NA,NA,NA,NA,NA,NA,NA,NA,NA,NA,NA,NA
WG0023,terminus,2019-07-18T20:38:00Z,199,2019,0.8,NA,96.1,18.9,NA,5.584,151.24717,7.5691,17.74,NA,0.118677,NA,0.01,0.015,1.507625,0,0.005014,0,0,0.002704,0.054204,3.381778,0.025,0.25,0.135053,0.005,0.623432,0.299924,0.013858,1.24,NA,NA,NA,NA,NA,NA,NA,NA,NA,NA,NA,NA,NA,NA,NA,NA,NA,-121.87,-16.39,NA,NA,NA,,NA,NA,,NA,NA,NA,NA,NA,NA,NA,NA,NA,NA,NA,NA,NA,NA,NA,NA,NA
WG0023_replicate,terminus,2019-07-18T20:38:00Z,199,2019,NA,NA,NA,NA,NA,NA,NA,NA,NA,NA,NA,NA,NA,NA,NA,NA,NA,NA,NA,0.00288,NA,NA,NA,NA,NA,NA,NA,NA,NA,NA,NA,NA,NA,NA,NA,NA,NA,NA,NA,NA,NA,NA,NA,NA,NA,NA,NA,NA,NA,NA,NA,NA,,NA,NA,,NA,NA,NA,NA,NA,NA,NA,NA,NA,NA,NA,NA,NA,NA,NA,NA,NA
WG0024,terminus_gw,2019-07-18T21:35:00Z,199,2019,NA,NA,NA,NA,NA,6.005,993.29806,49.7091,127.75,NA,0.050632,NA,0.01,0.015,21.609629,0,0.001,0,0.025,0.002521,0.005,27.48517,0.025,0.25,0.600546,0.005,1.450438,1.559721,0.232833,2.43,NA,NA,NA,NA,NA,NA,NA,NA,NA,NA,NA,NA,NA,NA,NA,NA,NA,-100.66,-12.78,NA,NA,NA,,NA,NA,,NA,NA,NA,NA,NA,NA,NA,NA,NA,NA,NA,NA,NA,NA,NA,NA,NA
WG0025,mid_gw,2019-07-18T22:38:00Z,199,2019,NA,NA,NA,NA,NA,5.891,455.47945,22.7943,63.3,NA,0.13399,NA,0,0.015,10.06512,0,0,0,0,0.004,0,12.360778,0,0.25,0.231907,0.005,0.870034,1.133055,0.06253,0.85,NA,NA,NA,NA,NA,NA,NA,NA,NA,NA,NA,NA,NA,NA,NA,NA,NA,-113.1,-15.39,NA,NA,NA,,NA,NA,,NA,NA,NA,NA,NA,NA,NA,NA,NA,NA,NA,NA,NA,NA,NA,NA,NA
WG0026,tundra,2019-07-18T23:45:00Z,199,2019,14,NA,90.8,15.6,NA,5.674,140.95238,7.0539,15.31,NA,0.119982,NA,0.01,0.015,1.03084,0,0.001,0,0,0.002511,0,2.56708,0.025,0.25,0.068083,0.005,0.67559,0.559276,0.01728,1.16,NA,NA,NA,NA,NA,NA,NA,NA,NA,NA,NA,NA,NA,NA,NA,NA,NA,-114.86,-15.68,NA,NA,NA,,NA,NA,,NA,NA,NA,NA,NA,NA,NA,NA,NA,NA,NA,NA,NA,NA,NA,NA,NA
WG0027,glacier_2,2019-07-19T03:47:00Z,199,2019,0.2,NA,90.3,13.2,NA,5.498,88.98826,4.4534,12.57,NA,0.166139,NA,0.01,0.015,1.477928,0,0.008175,0,0,0.004042,0.024596,2.310945,0.025,0.25,0.161197,0.005,0.604978,0.266228,0.010087,0.92,NA,NA,NA,NA,NA,NA,NA,NA,NA,NA,NA,NA,NA,NA,NA,NA,NA,-126.17,-17.39,NA,NA,NA,,NA,NA,,NA,NA,NA,NA,NA,NA,NA,NA,NA,NA,NA,NA,NA,NA,NA,NA,NA
WG0027_replicate,glacier_2,2019-07-19T03:47:00Z,199,2019,NA,NA,NA,NA,NA,NA,NA,NA,NA,NA,0.17308,NA,0.01,0.015,1.457112,NA,NA,NA,NA,NA,NA,NA,NA,NA,NA,NA,NA,NA,NA,1.39,NA,NA,NA,NA,NA,NA,NA,NA,NA,NA,NA,NA,NA,NA,NA,NA,NA,NA,NA,NA,NA,NA,,NA,NA,,NA,NA,NA,NA,NA,NA,NA,NA,NA,NA,NA,NA,NA,NA,NA,NA,NA
WG0028,glacier_2,2019-07-19T17:36:00Z,200,2019,NA,NA,NA,NA,NA,5.496,89.9723,4.5026,12.63,NA,0.193633,NA,0.01,0.015,1.526432,0,0.008446,0,0,0.002463,0.033751,2.113762,0.025,0.25,0.107075,0.005,0.486091,0.213107,0.005,0.63,NA,NA,NA,NA,NA,NA,NA,NA,NA,NA,NA,NA,NA,NA,NA,NA,NA,-126.42,-17.51,NA,NA,NA,,NA,NA,,NA,NA,NA,NA,NA,NA,NA,NA,NA,NA,NA,NA,NA,NA,NA,NA,NA
WG0029,terminus,2019-07-19T20:35:00Z,200,2019,0.7,NA,96.8,18.7,NA,5.61,163.01293,8.1579,18.44,NA,0.13635,NA,0.01,0.015,1.596442,0,0,0,0,0.003549,0.414258,3.424054,0.331658,0.25,0.229396,0.005,0.554811,0.92770300000000006,0.01436,0.76,NA,NA,NA,NA,NA,NA,NA,NA,NA,NA,NA,NA,NA,NA,NA,NA,NA,-124.09,-16.94,NA,NA,NA,,NA,NA,,NA,NA,NA,NA,NA,NA,NA,NA,NA,NA,NA,NA,NA,NA,NA,NA,NA
WG0030,supraglacial_1,2019-07-19T21:51:00Z,200,2019,0,NA,92.7,1,NA,5.548,14.59035,0.7302,1.4,NA,0.011394,NA,0.01,0.015,0.01,0,0.001,0.025,0.076957,0.008807,0,0.025,0.025,0.25,0.025,0.005,0.521638,0.072532,0.005,0.84,NA,NA,NA,NA,NA,NA,NA,NA,NA,NA,NA,NA,NA,NA,NA,NA,NA,-119.45,-16.34,NA,NA,NA,,NA,NA,,NA,NA,NA,NA,NA,NA,NA,NA,NA,NA,NA,NA,NA,NA,NA,NA,NA
WG0030_replicate,supraglacial_1,2019-07-19T21:51:00Z,200,2019,NA,NA,NA,NA,NA,NA,NA,NA,NA,NA,NA,NA,NA,NA,NA,NA,0,0,0.056577,NA,0,0.025,0.025,0.25,0.025,0.005,0.454269,0.083665,0.005,NA,NA,NA,NA,NA,NA,NA,NA,NA,NA,NA,NA,NA,NA,NA,NA,NA,NA,NA,NA,NA,NA,NA,,NA,NA,,NA,NA,NA,NA,NA,NA,NA,NA,NA,NA,NA,NA,NA,NA,NA,NA,NA
WG0031,terminus_gw,2019-07-19T22:29:00Z,200,2019,NA,NA,NA,NA,NA,6.056,1166.49092,58.3765,148.47,NA,0.05866,NA,0,0.015,23.728095,0,0.002503,0,0.025,0.004414,0,30.553437,0.025,0.25,0.71164,0.005,1.807274,1.59764,0.287274,2.07,NA,NA,NA,NA,NA,NA,NA,NA,NA,NA,NA,NA,NA,NA,NA,NA,NA,-127.13,-17.48,NA,NA,NA,,NA,NA,,NA,NA,NA,NA,NA,NA,NA,NA,NA,NA,NA,NA,NA,NA,NA,NA,NA
WG0032,mid_gw,2019-07-19T23:33:00Z,200,2019,19.6,NA,96.7,58.2,NA,5.887,438.39639,21.9393,55.04,NA,0.116986,NA,0.01,0.015,6.452662,0,0,0,0,0.004119,0.005,10.441689,0,0.25,0.19563,0.005,0.69729,1.099263,0.053256,0.84,NA,NA,NA,NA,NA,NA,NA,NA,NA,NA,NA,NA,NA,NA,NA,NA,NA,-114.48,-15.58,NA,NA,NA,,NA,NA,,NA,NA,NA,NA,NA,NA,NA,NA,NA,NA,NA,NA,NA,NA,NA,NA,NA
WG0033,tundra,2019-07-20T00:38:00Z,200,2019,14.1,NA,91.5,16.5,NA,5.653,140.91165,7.0519,15.97,NA,0.120897,NA,0.01,0.015,1.066631,0,0.001,0,0,0.003867,0.005,2.610919,0.025,0.25,0.077861,0.005,0.745183,0.586031,0.01744,0.82,NA,NA,NA,NA,NA,NA,NA,NA,NA,NA,NA,NA,NA,NA,NA,NA,NA,-116.56,-16.03,NA,NA,NA,,NA,NA,,NA,NA,NA,NA,NA,NA,NA,NA,NA,NA,NA,NA,NA,NA,NA,NA,NA
WG0033_replicate,tundra,2019-07-20T00:38:00Z,200,2019,NA,NA,NA,NA,NA,NA,NA,NA,NA,NA,NA,NA,NA,NA,NA,NA,NA,NA,NA,0.003188,NA,NA,NA,NA,NA,NA,NA,NA,NA,NA,NA,NA,NA,NA,NA,NA,NA,NA,NA,NA,NA,NA,NA,NA,NA,NA,NA,NA,NA,NA,NA,NA,,NA,NA,,NA,NA,NA,NA,NA,NA,NA,NA,NA,NA,NA,NA,NA,NA,NA,NA,NA
WG0034,glacier_2,2019-07-20T04:27:00Z,200,2019,0.2,NA,90.9,12.9,NA,5.491,94.6957,4.739,12.62,NA,0.184388,NA,0.01,0.015,1.434525,0,0.008422,0,0,0.001748,0.056814,2.0186,0.025,0.25,0.11143,0.005,0.589585,0.281306,0.005,0.61,NA,NA,NA,NA,NA,NA,NA,NA,NA,NA,NA,NA,NA,NA,NA,NA,NA,-124.41,-16.69,NA,NA,NA,,NA,NA,,NA,NA,NA,NA,NA,NA,NA,NA,NA,NA,NA,NA,NA,NA,NA,NA,NA
WG0035,glacier_2,2019-07-20T17:15:00Z,201,2019,0.2,NA,90.8,13.8,NA,5.492,98.434,4.9261,13.09,NA,0.189039,NA,0.01,0.015,1.542333,0,0.008088,0,0,0.003869,0.032363,2.175884,0.025,0.25,0.115871,0.005,0.564838,0.251756,0.005,0.61,NA,NA,NA,NA,NA,NA,NA,NA,NA,NA,NA,NA,NA,NA,NA,NA,NA,-102.44,-12.92,NA,NA,NA,,NA,NA,,NA,NA,NA,NA,NA,NA,NA,NA,NA,NA,NA,NA,NA,NA,NA,NA,NA
WG0035_replicate,glacier_2,2019-07-20T17:15:00Z,201,2019,NA,NA,NA,NA,NA,NA,NA,NA,NA,NA,NA,NA,NA,NA,NA,NA,NA,NA,NA,NA,NA,NA,NA,NA,NA,NA,NA,NA,NA,1.59,NA,NA,NA,NA,NA,NA,NA,NA,NA,NA,NA,NA,NA,NA,NA,NA,NA,NA,NA,NA,NA,NA,,NA,NA,,NA,NA,NA,NA,NA,NA,NA,NA,NA,NA,NA,NA,NA,NA,NA,NA,NA
WG0036,nellie_juan,2019-08-27T23:00:00Z,239,2019,NA,NA,NA,NA,NA,5.701,248.94795,12.4585,34.66,NA,0.387433,NA,0.01,0.015,5.261758,0,0.012288,0,0.076481,0.002963,0.061221,6.218315,0.058041,0.25,0.381997,0.005,0.786148,0.466037,0.042187,1.32,NA,NA,NA,NA,NA,NA,NA,NA,NA,NA,NA,NA,NA,NA,NA,NA,NA,-115.06,-15.72,NA,NA,NA,,NA,NA,,NA,NA,NA,NA,NA,NA,NA,NA,NA,NA,NA,NA,NA,NA,NA,NA,NA
WG0037,shrub_creek,2019-08-28T00:00:00Z,239,2019,NA,NA,NA,NA,NA,5.906,566.81716,28.3661,63.7,NA,0.113643,NA,0.02,0.015,6.241409,0,0.019251,0,0.025,0.004118,0,13.064792,0.025,0.25,0.304976,0.005,1.035108,1.026585,0.07106,1.03,NA,NA,NA,NA,NA,NA,NA,NA,NA,NA,NA,NA,NA,NA,NA,NA,NA,NA,NA,NA,NA,NA,,NA,NA,,NA,NA,NA,NA,NA,NA,NA,NA,NA,NA,NA,NA,NA,NA,NA,NA,NA
WG0038,tundra,2019-08-28T01:00:00Z,239,2019,NA,NA,NA,NA,NA,5.764,235.81267,11.8011,27.01,NA,0.115228,NA,0.01,0.051,3.182026,0,0.007333,0.025,0,0.00385,0,4.839351,0,0.25,0.135046,0.005,0.829647,0.816306,0.033192,0.84,NA,NA,NA,NA,NA,NA,NA,NA,NA,NA,NA,NA,NA,NA,NA,NA,NA,-97.3,-9.43,NA,NA,NA,,NA,NA,,NA,NA,NA,NA,NA,NA,NA,NA,NA,NA,NA,NA,NA,NA,NA,NA,NA
WG0038_replicate,tundra,2019-08-28T01:00:00Z,239,2019,NA,NA,NA,NA,NA,NA,NA,NA,NA,NA,NA,NA,NA,NA,NA,NA,NA,NA,NA,NA,0,4.90056,0,0.25,0.14673,0.005,0.862343,0.800254,0.033289,1.07,NA,NA,NA,NA,NA,NA,NA,NA,NA,NA,NA,NA,NA,NA,NA,NA,NA,NA,NA,NA,NA,NA,,NA,NA,,NA,NA,NA,NA,NA,NA,NA,NA,NA,NA,NA,NA,NA,NA,NA,NA,NA
WG0039,tundra,2019-09-05T21:10:00Z,248,2019,11,NA,93.2,80.1,NA,5.917,586.8169,29.367,67.8,NA,0.348511,NA,0.04,0.015,6.226358,0,0.021167,0.025,0.025,0.005597,0,13.682799,0.025,0.25,0.317792,0.005,1.027916,0.769061,0.07471,1.22,1.39,0.02,6.02,0.78,0.49,-0.01,-0.03,0.05,0.13,0.02,448,322.5,455,240,0.03,0.06,0.48,NA,NA,NA,NA,NA,,NA,NA,,NA,NA,NA,NA,NA,NA,NA,NA,NA,NA,NA,NA,NA,NA,NA,NA,NA
WG0040,nellie_juan,2019-09-05T22:00:00Z,248,2019,6.6,NA,108,43.4,NA,5.778,282.15675,14.1204,41.82,NA,0.319092,NA,0.01,0.015,5.854759,0,0.018256,0.025,0,0.002519,0.016025,7.28518,0.025,0.25,0.438629,0.005,0.88504,0.369365,0.043765,0.84,1.24,0.01,1.01,0.39,0.02,0,-0.01,3.14,4.61,0.02,448,310,456,240,0.01,0.01,0.48,-115.45,-15.94,NA,NA,NA,,NA,NA,,NA,NA,NA,NA,NA,NA,NA,NA,NA,NA,NA,NA,NA,NA,NA,NA,NA
WG0040_replicate,nellie_juan,2019-09-05T22:00:00Z,248,2019,NA,NA,NA,NA,NA,NA,NA,NA,NA,NA,NA,NA,NA,NA,NA,NA,0.019492,NA,NA,NA,NA,NA,NA,NA,NA,NA,NA,NA,NA,NA,NA,NA,NA,NA,NA,NA,NA,NA,NA,NA,NA,NA,NA,NA,NA,NA,NA,NA,NA,NA,NA,NA,,NA,NA,,NA,NA,NA,NA,NA,NA,NA,NA,NA,NA,NA,NA,NA,NA,NA,NA,NA
WG0041,glacier_2,2019-09-06T01:20:00Z,248,2019,NA,NA,NA,NA,NA,5.543,101.37438,5.0732,17.82,NA,0.132474,NA,0.01,0.015,2.437623,0,0.006032,0.025,0,0.00263,0,2.507648,0.025,0.25,0.13956,0.005,0.474159,0.106143,0.013212,0.82,1.41,0,0.36,0.17,-6.67,0.03,0,1.15,1.53,0.01,410,300,408,240,0,0,0.48,-122.65,-16.58,NA,NA,NA,,NA,NA,,NA,NA,NA,NA,NA,NA,NA,NA,NA,NA,NA,NA,NA,NA,NA,NA,NA
WG0042,glacier_2,2019-09-06T17:15:00Z,249,2019,0.2,NA,NA,8.5,NA,5.514,117.55556,5.883,17.79,NA,0.172884,NA,0.01,0.015,2.660756,0,0.004416,0.025,0,0.00276,0,2.602333,0.025,0.25,0.145368,0.005,0.416822,0.094205,0.014138,0.87,1.7,0,0.34,0.03,-1.4,0.03,-0.02,1.07,1.19,0.03,410,300,408,240,0,0.01,0.52,-122.4,-16.9,NA,NA,NA,,NA,NA,,NA,NA,NA,NA,NA,NA,NA,NA,NA,NA,NA,NA,NA,NA,NA,NA,NA
WG0043,tundra,2019-09-06T19:25:00Z,249,2019,9.4,NA,NA,18.3,NA,5.654,218.14159,10.9168,25.04,NA,0.17535800000000001,NA,0.01,0.015,2.058563,0,0.005841,0.053159,0,0.002515,0,4.724596,0.025,0.25,0.135041,0.005,0.748059,0.482193,0.031746,0.95,1.34,0,1.51,0.47,NA,0.01,NA,0.39,0.39,0.01,442,315,456,240,0.01,0.02,0.54,-112.19,-15.06,NA,NA,NA,,NA,NA,,NA,NA,NA,NA,NA,NA,NA,NA,NA,NA,NA,NA,NA,NA,NA,NA,NA
WG0043_replicate,tundra,2019-09-06T19:25:00Z,249,2019,NA,NA,NA,NA,NA,NA,NA,NA,NA,NA,NA,NA,NA,NA,NA,NA,NA,NA,NA,0.002486,NA,NA,NA,NA,NA,NA,NA,NA,NA,NA,NA,NA,NA,NA,NA,NA,NA,NA,NA,NA,NA,NA,NA,NA,NA,NA,NA,NA,NA,NA,NA,NA,,NA,NA,,NA,NA,NA,NA,NA,NA,NA,NA,NA,NA,NA,NA,NA,NA,NA,NA,NA
WG0044,mid_gw,2019-09-06T21:30:00Z,249,2019,16.1,NA,15.7,33.5,NA,5.86,556.78392,27.864,70.2,NA,0.209145,NA,0,0.015,9.092376,0,0,0.025,0,0.002875,0,14.777983,0.025,0.25,0.294841,0.005,0.883214,0.727006,0.07731,0.98,1.38,0.01,1.73,0.11,0.29,0,-0.02,0.24,0.39,0.04,430,305,456,240,0.01,0.02,0.51,-108.81,-14.49,NA,NA,NA,,NA,NA,,NA,NA,NA,NA,NA,NA,NA,NA,NA,NA,NA,NA,NA,NA,NA,NA,NA
WG0045,terminus_gw,2019-09-06T22:15:00Z,249,2019,12.5,NA,44.8,68.8,NA,6.084,1236.46922,61.8785,195.23,NA,0.271642,NA,0.01,0.015,45.185853,0,0.011261,0.025,0,0.00256,0,41.471147,0.025,0.25,1.033657,0.005,2.850505,1.150625,0.425719,2.63,1.52,0.05,18.54,0.59,0.71,-0.01,-0.02,0.92,1.21,0.06,438,320,460,240,0.08,0.17,0.49,-95.86,-12.18,NA,NA,NA,,NA,NA,,NA,NA,NA,NA,NA,NA,NA,NA,NA,NA,NA,NA,NA,NA,NA,NA,NA
WG0046,supraglacial_4,2019-09-06T23:15:00Z,249,2019,0.3,NA,NA,0.4,NA,5.776,19.5279,0.9773,3.81,NA,0.082888,NA,0,0.015,0.073839,0,0,0.025,0,0.002969,0,0.025,0.025,0.25,0.025,0.005,0.330763,0.025,0.005,0.98,1.57,0,0.31,0.2,NA,NA,NA,0.81,1.12,0.01,422,310,402,240,0,0.01,0.39,-117.66,-16.1,NA,NA,NA,,NA,NA,,NA,NA,NA,NA,NA,NA,NA,NA,NA,NA,NA,NA,NA,NA,NA,NA,NA
WG0047,glacier_2,2019-09-07T02:15:00Z,249,2019,NA,NA,NA,NA,NA,5.4,96.32107,4.8203,15.96,NA,0.11371,NA,0.01,0.015,2.599457,0,0.006242,0.025,0,0.002609,0,2.632298,0.025,0.25,0.146304,0.005,0.530489,0.133001,0.013906,0.86,1.18,0,0.17,0.01,NA,NA,NA,0.17,0.26,0.03,416,300,446,240,0,0.01,0.45,-121.4,-16.53,NA,NA,NA,,NA,NA,,NA,NA,NA,NA,NA,NA,NA,NA,NA,NA,NA,NA,NA,NA,NA,NA,NA
WG0048,glacier_2,2019-09-07T18:05:00Z,250,2019,NA,NA,NA,NA,NA,5.509,98.65471,4.9371,15.58,NA,0.150976,NA,0.01,0.015,2.553852,0,0.00305,0,0,0.002512,0,2.545635,0.025,0.25,0.141387,0.005,0.506278,0.103663,0.013609,0.25,1.39,0.01,0.35,0.2,-6.82,0.04,-0.01,0.67,0.97,0.02,416,310,406,240,0,0.01,0.48,-123.16,-16.84,NA,NA,NA,,NA,NA,,NA,NA,NA,NA,NA,NA,NA,NA,NA,NA,NA,NA,NA,NA,NA,NA,NA
WG0048_replicate,glacier_2,2019-09-07T18:05:00Z,250,2019,NA,NA,NA,NA,NA,NA,NA,NA,NA,NA,0.137803,NA,0.01,0.015,2.552354,NA,NA,NA,NA,NA,0,2.556158,0.025,0.25,0.142361,0.005,0.486454,0.110465,0.013758,NA,NA,NA,NA,NA,NA,NA,NA,NA,NA,NA,NA,NA,NA,NA,NA,NA,NA,NA,NA,NA,NA,NA,,NA,NA,,NA,NA,NA,NA,NA,NA,NA,NA,NA,NA,NA,NA,NA,NA,NA,NA,NA
WG0049,mid_gw,2019-09-07T19:00:00Z,250,2019,NA,NA,NA,NA,NA,5.876,550.99338,27.5742,68.06,NA,0.258153,NA,0,0.015,8.39764,0,0,0.025,0,0.002471,0,14.030942,0.025,0.25,0.286507,0.005,0.890457,0.752668,0.073802,0.9,1.39,0,1.56,0.77,-2.08,0.04,-0.02,0.23,0.33,0.01,432,315,460,240,0.01,0.02,0.48,-104.1,-12.52,NA,NA,NA,,NA,NA,,NA,NA,NA,NA,NA,NA,NA,NA,NA,NA,NA,NA,NA,NA,NA,NA,NA
WG0050,tundra,2019-09-07T20:50:00Z,250,2019,NA,NA,NA,NA,NA,5.755,223.0011,11.16,26.71,NA,0.195534,NA,0.01,0.015,2.089589,0,0.004461,0.025,0,0.003926,0,4.734198,0.025,0.25,0.137857,0.005,0.806125,0.512761,0.031827,0.85,1.36,0,1.52,0.45,-0.23,0,-0.02,0.41,0.51,0.02,456,315,460,240,0.01,0.02,0.56,-111.76,-15.03,NA,NA,NA,,NA,NA,,NA,NA,NA,NA,NA,NA,NA,NA,NA,NA,NA,NA,NA,NA,NA,NA,NA
WG0050_replicate,tundra,2019-09-07T20:50:00Z,250,2019,NA,NA,NA,NA,NA,NA,NA,NA,NA,NA,NA,NA,NA,NA,NA,NA,0.004726,NA,NA,NA,NA,NA,NA,NA,NA,NA,NA,NA,NA,NA,NA,NA,NA,NA,NA,NA,NA,NA,NA,NA,NA,NA,NA,NA,NA,NA,NA,NA,NA,NA,NA,NA,,NA,NA,,NA,NA,NA,NA,NA,NA,NA,NA,NA,NA,NA,NA,NA,NA,NA,NA,NA
WG0051,glacier_2,2019-09-08T01:30:00Z,250,2019,NA,NA,NA,NA,NA,5.398,87.67721,4.3878,16.14,NA,0.125745,NA,0.01,0.015,2.318682,0,0.008821,0.025,0,0.020356,0,2.373558,0.025,0.25,0.127755,0.005,0.49199,0.112071,0.012541,1.01,1.47,0,0.35,0.2,160.71,-0.14,0,0.86,1.18,0.02,426,310,456,240,0,0.01,0.47,-122.38,-16.84,NA,NA,NA,,NA,NA,,NA,NA,NA,NA,NA,NA,NA,NA,NA,NA,NA,NA,NA,NA,NA,NA,NA
WG0052,rain_cabin,2019-09-08T05:32:00Z,250,2019,NA,NA,NA,NA,NA,NA,NA,NA,NA,NA,1.627036,NA,0.04,0.015,1.014527,0.144735,0.009778,0.739362,0.179967,0.451949,NA,NA,NA,NA,NA,NA,NA,NA,NA,4.18,1.28,0.05,7.69,0.46,1.45,-0.01,-0.01,3.91,4.6,0.22,422,300,436,240,0.05,0.12,0.46,-101.91,-13.69,NA,NA,NA,,NA,NA,,NA,NA,NA,NA,NA,NA,NA,NA,NA,NA,NA,NA,NA,NA,NA,NA,NA
WG0053,rain_cabin,2019-09-08T15:00:00Z,251,2019,8,NA,0.8,2,NA,5.481,19.93428,0.9976,3.24,NA,0.183967,NA,0.01,0.015,0.01,0,0.007688,0.025,0.025,0.006931,0,0.210919,0.025,0.25,0.025,0.005,0.636367,0.067042,0.005,1.35,1.26,0.01,1.66,0.37,0.54,-0.01,-0.01,1.32,1.75,0.06,432,310,456,240,0.01,0.02,0.44,-100.32,-13.59,NA,NA,NA,,NA,NA,,NA,NA,NA,NA,NA,NA,NA,NA,NA,NA,NA,NA,NA,NA,NA,NA,NA
WG0053_replicate,rain_cabin,2019-09-08T15:00:00Z,251,2019,NA,NA,NA,NA,NA,NA,NA,NA,NA,NA,NA,NA,NA,NA,NA,NA,NA,NA,NA,0.008061,NA,NA,NA,NA,NA,NA,NA,NA,NA,NA,NA,NA,NA,NA,NA,NA,NA,NA,NA,NA,NA,NA,NA,NA,NA,NA,NA,NA,NA,NA,NA,NA,,NA,NA,,NA,NA,NA,NA,NA,NA,NA,NA,NA,NA,NA,NA,NA,NA,NA,NA,NA
WG0054,glacier_2,2019-09-08T17:15:00Z,251,2019,NA,NA,NA,NA,NA,5.4,86.63393,4.3356,14.79,NA,0.147481,NA,0.01,0.015,2.362825,0,0.005274,0.025,0,0.00176,0,2.55487,0.025,0.25,0.133081,0.005,0.414912,0.111841,0.012614,0.69,1.52,0,0.37,0.16,NA,NA,NA,2.07,1.77,0.01,416,310,428,240,0,0.01,0.52,-120.25,-16.46,NA,NA,NA,,NA,NA,,NA,NA,NA,NA,NA,NA,NA,NA,NA,NA,NA,NA,NA,NA,NA,NA,NA
WG0055,mid_gw,2019-09-08T20:00:00Z,251,2019,NA,NA,NA,NA,NA,5.848,503.08815,25.1768,84.4,NA,0.18683,NA,0,0.015,16.827887,0,0,0.025,0,0.002773,0,17.389028,0.025,0.25,0.347254,0.005,0.918255,0.705633,0.088728,0.85,1.41,0,1.08,0.47,NA,NA,0.01,0.52,0.48,0.01,438,320,414,240,0.01,0.01,0.5,-98.23,-12.1,NA,NA,NA,,NA,NA,,NA,NA,NA,NA,NA,NA,NA,NA,NA,NA,NA,NA,NA,NA,NA,NA,NA
WG0056,tundra,2019-09-08T21:15:00Z,251,2019,NA,NA,NA,NA,NA,5.739,188.65867,9.4413,24,NA,0.191747,NA,0.01,0.032,2.033015,0,0.009584,0.025,0,0.00393,0,4.369183,0.025,0.25,0.128578,0.005,0.957604,0.499273,0.029956,1.14,1.36,0.02,1.72,0.48,0.7,0,-0.01,0.29,0.51,0.02,452,300,418,240,0.01,0.02,0.53,-109.58,-14.88,NA,NA,NA,,NA,NA,,NA,NA,NA,NA,NA,NA,NA,NA,NA,NA,NA,NA,NA,NA,NA,NA,NA
WG0057,glacier_2,2019-09-09T02:00:00Z,251,2019,NA,NA,NA,NA,NA,5.515,91.17808,4.563,14.92,NA,0.11719,NA,0.01,0.015,2.436031,0,0.004731,0.025,0,0.003971,0,2.552602,0.025,0.25,0.145629,0.005,0.701281,0.158718,0.012342,0.78,1.58,0,0.35,0.16,1.66,-0.02,-0.01,0.89,1.13,0.02,426,305,436,240,0,0,0.56,-117.68,-15.76,NA,NA,NA,,NA,NA,,NA,NA,NA,NA,NA,NA,NA,NA,NA,NA,NA,NA,NA,NA,NA,NA,NA
WG0058,glacier_2,2019-09-09T16:50:00Z,252,2019,NA,NA,NA,NA,NA,5.502,86.4104,4.3244,15.13,NA,0.12575,NA,0.01,0.015,2.65055,0,0.005866,0.025,0,0.004293,0,2.531123,0.025,0.25,0.167871,0.005,0.555121,0.121125,0.012256,0.96,0.85,0.04,0.74,0.05,0.78,-0.02,-0.03,0.76,1.03,0.08,412,300,408,240,0.01,0.01,0.87,-120.07,-16.48,NA,NA,NA,,NA,NA,,NA,NA,NA,NA,NA,NA,NA,NA,NA,NA,NA,NA,NA,NA,NA,NA,NA
WG0058_replicate,glacier_2,2019-09-09T16:50:00Z,252,2019,NA,NA,NA,NA,NA,NA,NA,NA,NA,NA,0.121843,NA,0.01,0.015,2.6735,NA,NA,NA,NA,NA,0,2.53014,0.025,0.25,0.166834,0.005,0.443801,0.107345,0.012082,NA,NA,NA,NA,NA,NA,NA,NA,NA,NA,NA,NA,NA,NA,NA,NA,NA,NA,NA,NA,NA,NA,NA,,NA,NA,,NA,NA,NA,NA,NA,NA,NA,NA,NA,NA,NA,NA,NA,NA,NA,NA,NA
WG0059,tundra,2019-09-09T20:40:00Z,252,2019,NA,NA,NA,NA,NA,5.573,216.8595,10.8526,29.34,NA,0.218635,NA,0.01,0.032,2.1549,0,0.006818,0.025,0,0.003106,0,4.678685,0.025,0.25,0.136477,0.005,1.032705,0.526971,0.031998,0.89,1.28,0,1.56,0.12,NA,-0.01,NA,0.48,0.58,0.03,448,300,412,240,0.01,0.02,0.53,-110.33,-14.97,NA,NA,NA,,NA,NA,,NA,NA,NA,NA,NA,NA,NA,NA,NA,NA,NA,NA,NA,NA,NA,NA,NA
WG0060,mid_gw,2019-09-09T21:15:00Z,252,2019,NA,NA,NA,NA,NA,5.922,564.70588,28.2604,92.04,NA,0.262846,NA,0,0.015,15.796732,0,0,0.025,0,0.004487,0,17.738742,0.025,0.25,0.355672,0.005,1.219693,0.822281,0.091978,1.2,1.56,0.01,1.24,0.09,1.81,-0.02,-0.01,0.99,0.85,0.04,416,300,456,240,0.01,0.02,0.52,-104.97,-13.88,NA,NA,NA,,NA,NA,,NA,NA,NA,NA,NA,NA,NA,NA,NA,NA,NA,NA,NA,NA,NA,NA,NA
WG0060_replicate,mid_gw,2019-09-09T21:15:00Z,252,2019,NA,NA,NA,NA,NA,NA,NA,NA,NA,NA,NA,NA,NA,NA,NA,NA,0,NA,NA,NA,NA,NA,NA,NA,NA,NA,NA,NA,NA,NA,NA,NA,NA,NA,NA,NA,NA,NA,NA,NA,NA,NA,NA,NA,NA,NA,NA,NA,NA,NA,NA,NA,,NA,NA,,NA,NA,NA,NA,NA,NA,NA,NA,NA,NA,NA,NA,NA,NA,NA,NA,NA
WG0061,glacier_2,2019-09-10T17:35:00Z,253,2019,NA,NA,NA,NA,NA,5.679,88.66887,4.4374,17.83,NA,0.156406,NA,0.01,0.015,2.947323,0,0.004425,0.025,0,0.003903,0,2.584685,0.025,0.25,0.180956,0.005,0.677487,0.15097,0.01265,0.91,1.96,0,0.32,0.03,12.89,-0.04,0,0.8,1.11,0.04,418,300,456,240,0,0.01,0.5,-121.97,-16.78,NA,NA,NA,,NA,NA,,NA,NA,NA,NA,NA,NA,NA,NA,NA,NA,NA,NA,NA,NA,NA,NA,NA
WG0062,mid_gw,2019-09-10T19:55:00Z,253,2019,NA,NA,NA,NA,NA,5.933,556.93674,27.8716,80.52,NA,0.268574,NA,0.01,0.015,11.392921,0,0,0.025,0,0.003138,0,15.902367,0.025,0.25,0.319044,0.005,0.946771,0.768459,0.081188,0.83,1.62,0,1.34,0.09,3.07,0.06,0.02,0.33,0.42,0.04,414,300,444,240,0.01,0.02,0.55,-105.47,-13.69,NA,NA,NA,,NA,NA,,NA,NA,NA,NA,NA,NA,NA,NA,NA,NA,NA,NA,NA,NA,NA,NA,NA
WG0063,tundra,2019-09-10T20:40:00Z,253,2019,NA,NA,NA,NA,NA,5.803,217.90559,10.905,27.82,NA,0.196502,NA,0.01,0.015,2.168041,0,0.005311,0.052202,0,0.004024,0,4.796529,0.025,0.25,0.138842,0.005,1.078619,0.554301,0.032019,0.97,1.36,0,1.57,0.14,NA,0.01,NA,0.62,0.64,0.03,440,315,452,240,0.01,0.02,0.51,-110.85,-15.08,NA,NA,NA,,NA,NA,,NA,NA,NA,NA,NA,NA,NA,NA,NA,NA,NA,NA,NA,NA,NA,NA,NA
WG0063_replicate,tundra,2019-09-10T20:40:00Z,253,2019,NA,NA,NA,NA,NA,NA,NA,NA,NA,NA,NA,NA,NA,NA,NA,NA,NA,NA,NA,0.002592,NA,NA,NA,NA,NA,NA,NA,NA,NA,NA,NA,NA,NA,NA,NA,NA,NA,NA,NA,NA,NA,NA,NA,NA,NA,NA,NA,NA,NA,NA,NA,NA,,NA,NA,,NA,NA,NA,NA,NA,NA,NA,NA,NA,NA,NA,NA,NA,NA,NA,NA,NA
WG0064,glacier_1,2019-09-19T19:15:00Z,262,2019,0.2,NA,NA,21.5,NA,5.617,93.43545,4.6759,22.38,NA,0.112699,NA,0.01,0.015,4.601754,0,0.003664,0,0,0.002278,0,3.388101,0.025,0.25,0.28684,0.005,0.638697,0.178175,0.016984,NA,NA,NA,NA,NA,NA,NA,NA,NA,NA,NA,NA,NA,NA,NA,NA,NA,NA,-122.81,-16.95,NA,NA,NA,,NA,NA,,NA,NA,NA,NA,NA,NA,NA,NA,NA,NA,NA,NA,NA,NA,NA,NA,NA
WG0065,shrub_creek,2019-09-19T23:00:00Z,262,2019,8.6,NA,NA,NA,NA,5.923,491.15044,24.5794,59.01,NA,0.408169,NA,0.04,0.033,4.311783,0,0.028528,0.025,0,0.004549,0,11.71019,0.025,0.25,0.268202,0.005,1.308482,0.988315,0.06076,NA,NA,NA,NA,NA,NA,NA,NA,NA,NA,NA,NA,NA,NA,NA,NA,NA,NA,-116.68,-15.59,NA,NA,NA,,NA,NA,,NA,NA,NA,NA,NA,NA,NA,NA,NA,NA,NA,NA,NA,NA,NA,NA,NA
WG0074,glacier_1,2019-10-11T02:12:00Z,283,2019,0.2,NA,NA,48.4,NA,5.728,207.14667,10.3666,46.66,NA,0.199354,NA,0.01,0.04,10.405765,0,0.005857,0.025,0,0.001504,0.012507,7.342633,0.025,0.25,0.584301,0.005,0.890252,0.286597,0.039833,0.66,1.96,0,0.31,0.36,-2.84,0.02,-0.01,3.24,4.4,0.01,426,300,436,240,0,0,0.51,-126.97,-17.63,NA,NA,NA,,NA,NA,,NA,NA,NA,NA,NA,NA,NA,NA,NA,NA,NA,NA,NA,NA,NA,NA,NA
WG0074_replicate,glacier_1,2019-10-11T02:12:00Z,283,2019,NA,NA,NA,NA,NA,NA,NA,NA,NA,NA,0.21784,NA,0.02,0.04,10.44574,NA,NA,NA,NA,NA,0.020811,7.305285,0.025,0.25,0.581182,0.005,0.857858,0.291392,0.039869,NA,NA,NA,NA,NA,NA,NA,NA,NA,NA,NA,NA,NA,NA,NA,NA,NA,NA,NA,NA,NA,NA,NA,,NA,NA,,NA,NA,NA,NA,NA,NA,NA,NA,NA,NA,NA,NA,NA,NA,NA,NA,NA
WG0067,surface_snow,2019-10-11T16:00:00Z,284,2019,NA,NA,NA,NA,NA,5.504,9.3361,0.4672,2.3,NA,0.066324,NA,0.01,0.032,0.064681,0,0.013685,0.025,0,0.002469,0,0.025,0.025,0.25,0.025,0.005,0.490219,0.063776,0.005,0.95,1.6,0,0.23,0.27,5.01,-0.02,0,0.11,0.38,0.02,414,300,456,240,0,0.01,0.41,-249.8,-32.65,NA,NA,NA,,NA,NA,,NA,NA,NA,NA,NA,NA,NA,NA,NA,NA,NA,NA,NA,NA,NA,NA,NA
WG0067_replicate,surface_snow,2019-10-11T16:00:00Z,284,2019,NA,NA,NA,NA,NA,NA,NA,NA,NA,NA,NA,NA,NA,NA,NA,0,NA,NA,NA,NA,NA,NA,NA,NA,NA,NA,NA,NA,NA,NA,NA,NA,NA,NA,NA,NA,NA,NA,NA,NA,NA,NA,NA,NA,NA,NA,NA,NA,NA,NA,NA,NA,,NA,NA,,NA,NA,NA,NA,NA,NA,NA,NA,NA,NA,NA,NA,NA,NA,NA,NA,NA
WG0066,glacier_2,2019-10-12T00:40:00Z,284,2019,0.2,NA,NA,50,NA,5.786,215.74023,10.7966,49.85,NA,0.350323,NA,0.01,0.034,10.483078,0,0.007212,0.025,0,0.004268,0,8.048643,0.025,0.25,0.59549,0.005,0.860226,0.27099,0.04285,0.73,1.3,0,0.35,0.37,-1.85,0.02,-0.01,2.84,4.25,0.02,404,305,409,240,0.01,0.01,0.91,-125.9,-16.95,NA,NA,NA,,NA,NA,,NA,NA,NA,NA,NA,NA,NA,NA,NA,NA,NA,NA,NA,NA,NA,NA,NA
WG0068,forest_north,2019-10-12T20:20:00Z,285,2019,NA,NA,NA,NA,NA,5.932,566.53782,28.3521,67.1,NA,0.572743,NA,0.07,0.033,4.899051,0,0.057106,0.025,0,0.004309,0,13.508294,0.025,0.25,0.333261,0.005,1.142232,0.955306,0.069746,1.78,1.36,0.03,9.36,0.66,0.82,-0.01,-0.01,0.24,0.33,0.03,438,320,452,240,0.04,0.09,0.46,-126.11,-16.74,NA,NA,NA,,NA,NA,,NA,NA,NA,NA,NA,NA,NA,NA,NA,NA,NA,NA,NA,NA,NA,NA,NA
WG0068_replicate,forest_north,2019-10-12T20:20:00Z,285,2019,NA,NA,NA,NA,NA,NA,NA,NA,NA,NA,0.519968,NA,0.07,0.04,4.924988,NA,NA,NA,NA,NA,0,13.459236,0.025,0.25,0.327429,0.005,1.368449,1.016043,0.069786,NA,NA,NA,NA,NA,NA,NA,NA,NA,NA,NA,NA,NA,NA,NA,NA,NA,NA,NA,NA,NA,NA,NA,,NA,NA,,NA,NA,NA,NA,NA,NA,NA,NA,NA,NA,NA,NA,NA,NA,NA,NA,NA
WG0069,nellie_juan,2019-10-12T22:25:00Z,285,2019,NA,NA,NA,NA,NA,5.817,445.80822,22.3103,71.47,NA,0.568555,NA,0.04,0.015,9.687024,0,0.035172,0.025,0,0.00442,0,12.24565,0.025,0.25,0.698664,0.005,1.22564,0.676549,0.072834,0.25,1.33,0.02,3.67,0.74,1.04,-0.01,-0.01,3.97,5.92,0.04,447,325,460,240,0.02,0.04,0.46,-117.23,-15.89,NA,NA,NA,,NA,NA,,NA,NA,NA,NA,NA,NA,NA,NA,NA,NA,NA,NA,NA,NA,NA,NA,NA
WG0070,glacier_2,2019-10-13T17:48:00Z,286,2019,1.2,NA,NA,71.9,NA,5.924,539.08297,26.9782,73.91,NA,0.279358,NA,0.01,0.041,8.862817,0,0.013961,0.025,0,0.002486,0,13.628479,0.025,0.25,0.656542,0.005,1.115909,0.662036,0.064718,0.58,1.57,0,0.75,0.07,-1.68,0.02,-0.01,1.2,1.6,0.05,414,305,408,240,0,0.01,0.6,-126.1,-16.86,NA,NA,NA,,NA,NA,,NA,NA,NA,NA,NA,NA,NA,NA,NA,NA,NA,NA,NA,NA,NA,NA,NA
WG0070_replicate,glacier_2,2019-10-13T17:48:00Z,286,2019,NA,NA,NA,NA,NA,NA,NA,NA,NA,NA,NA,NA,NA,NA,NA,NA,0.014277,NA,NA,NA,NA,NA,NA,NA,NA,NA,NA,NA,NA,NA,NA,NA,NA,NA,NA,NA,NA,NA,NA,NA,NA,NA,NA,NA,NA,NA,NA,NA,NA,NA,NA,NA,,NA,NA,,NA,NA,NA,NA,NA,NA,NA,NA,NA,NA,NA,NA,NA,NA,NA,NA,NA
WG0071,glacier_1,2019-10-13T18:40:00Z,286,2019,0.3,NA,NA,52.1,NA,5.684,217.48971,10.8842,52.1,NA,0.181611,NA,0.01,0.044,10.750667,0,0.01223,0.025,0,0.002825,0,8.333471,0.025,0.25,0.593366,0.005,1.080275,0.348206,0.043892,0.25,2.12,0,0.36,0.36,-0.75,0.01,-0.01,5.1,8.11,0.01,412,300,410,240,0,0,0.86,-123.04,-16.04,NA,NA,NA,,NA,NA,,NA,NA,NA,NA,NA,NA,NA,NA,NA,NA,NA,NA,NA,NA,NA,NA,NA
WG0072,tundra,2019-10-13T20:45:00Z,286,2019,0.3,NA,NA,35.6,NA,5.797,271.12527,13.5683,35.57,NA,0.380477,NA,0.01,0.04,2.668845,0,0.006122,0.025,0,0.005214,0,6.207551,0.025,0.25,0.168516,0.005,1.079062,0.679727,0.039029,0.77,1.3,0.01,3.61,0.91,0.77,-0.01,-0.01,0.07,0.23,0.01,454,330,432,240,0.02,0.04,0.48,-117.23,-15.63,NA,NA,NA,,NA,NA,,NA,NA,NA,NA,NA,NA,NA,NA,NA,NA,NA,NA,NA,NA,NA,NA,NA
WG0073,tundra,2019-10-13T21:20:00Z,286,2019,1.3,NA,NA,34.2,NA,5.683,257.45008,12.884,33.96,NA,0.387278,NA,0.01,0.03,2.586073,0,0.005258,0.025,0,0.004879,0,5.977029,0.025,0.25,0.167382,0.005,0.979872,0.671396,0.037988,0.86,1.26,0.01,3.57,0.92,0.76,-0.01,-0.01,0.06,0.17,0.01,450,335,440,240,0.02,0.04,0.47,-118.11,-15.95,NA,NA,NA,,NA,NA,,NA,NA,NA,NA,NA,NA,NA,NA,NA,NA,NA,NA,NA,NA,NA,NA,NA
WG0073_replicate,tundra,2019-10-13T21:20:00Z,286,2019,NA,NA,NA,NA,NA,NA,NA,NA,NA,NA,NA,NA,NA,NA,NA,NA,NA,NA,NA,0.004779,NA,NA,NA,NA,NA,NA,NA,NA,NA,NA,NA,NA,NA,NA,NA,NA,NA,NA,NA,NA,NA,NA,NA,NA,NA,NA,NA,NA,NA,NA,NA,NA,,NA,NA,,NA,NA,NA,NA,NA,NA,NA,NA,NA,NA,NA,NA,NA,NA,NA,NA,NA
WG0075,glacier_2,2020-05-09T20:00:00Z,130,2020,1.8,NA,NA,89.6,7.8,5.873,682.48096,34.1544,91.07,0.005,0.48853799999999997,0,0.04,0.015,11.895969,0,0.033639,0,0.053096,0.001772,0.011075,16.782149,0.025,0.25,0.491589,0.005,0.821935,0.881344,0.068728,0.83,1.26,0.01,2.74,0.32,3.88,-0.02,-0.01,2.29,3.2,0.15,400,350,404,240,0.02,0.03,0.82,-134.74,-18.14,NA,NA,NA,,NA,NA,,NA,NA,NA,NA,NA,NA,NA,NA,NA,NA,NA,NA,NA,NA,NA,NA,NA
WG0076,tundra,2020-05-09T21:45:00Z,130,2020,0.8,NA,NA,36,7.33,5.793,297.41379,14.8839,37.01,0.005,0.435682,0,0.01,0.015,2.772765,0,0.014019,0.025,0.025,0.001703,0.005,6.576047,0.025,0.25,0.159943,0.005,0.585762,0.888329,0.032014,1.23,1.3,0.02,5.68,0.93,0.61,-0.01,-0.02,4.2,2.76,0.01,400,350,454,240,0.02,0.06,0.41,NA,NA,NA,NA,NA,,NA,NA,,NA,NA,NA,NA,NA,NA,NA,NA,NA,NA,NA,NA,NA,NA,NA,NA,NA
WG0077,forest_north,2020-05-09T23:45:00Z,130,2020,2.5,13.5,NA,30.7,7.24,5.741,227.72926,11.3966,26.52,0.005,0.479934,0,0.01,0.015,1.258869,0,0.005768,0.025,0.025,0.001705,0.024084,4.817162,0.025,0.25,0.110996,0.005,0.452243,0.689197,0.010786,1.77,1.22,0.06,11.36,0.77,1.04,-0.01,-0.01,2.26,3.05,0.12,460,330,458,240,0.05,0.12,0.37,-118.91,-16.57,NA,NA,NA,,NA,NA,,NA,NA,NA,NA,NA,NA,NA,NA,NA,NA,NA,NA,NA,NA,NA,NA,NA
WG0078,shrub_creek,2020-05-10T00:50:00Z,130,2020,2.2,13.6,NA,32.4,7.25,5.759,281.80862,14.103,33.46,0.019765,0.365906,0,0.12,0.015,1.89579,0,0.118401,0.025,0.163979,0.001214,0.019436,6.293741,0.025,0.25,0.143892,0.005,0.44155,0.90056,0.022107,1.73,1.26,0.06,14.89,0.75,1.15,-0.01,-0.01,2.78,4.72,0.17,454,322.5,446,240,0.06,0.15,0.42,-130.09,-17.53,NA,NA,NA,,NA,NA,,NA,NA,NA,NA,NA,NA,NA,NA,NA,NA,NA,NA,NA,NA,NA,NA,NA
WG0079_A,stream_gauge,2020-05-10T01:10:00Z,130,2020,2,14.1,NA,47.78,7.53,5.843,413.03639,20.6702,52.15,0.010301,0.405005,0,0.03,0.015,5.123714,0,0.02591,0.025,0.025,0.00209,0.016995,9.869882,0.025,0.25,0.229635,0.005,0.495562,0.661858,0.044053,1.24,1.26,0.02,4.26,0.89,0.72,-0.01,-0.02,1.04,1.81,0.02,400,350,452,240,0.02,0.05,0.42,-127.37,-17.2,NA,NA,NA,,NA,NA,,NA,NA,NA,NA,NA,NA,NA,NA,NA,NA,NA,NA,NA,NA,NA,NA,NA
WG0079_B,shrub_creek,2020-05-14T18:10:00Z,135,2020,2.7,13.1,NA,36.3,7.48,5.808,308.47826,15.4377,36.63,0.005,0.340429,0,0.05,0.015,2.325909,0,0.047933,0,0.074094,0.002379,0.005,6.866078,0.025,0.25,0.155765,0.005,0.463175,0.905159,0.025002,1.41,1.33,0.02,7.1,0.93,0.51,-0.01,-0.03,1.63,1.81,0.02,400,350,450,240,0.03,0.07,0.41,-131.93,-17.76,NA,NA,NA,,NA,NA,,NA,NA,NA,NA,NA,NA,NA,NA,NA,NA,NA,NA,NA,NA,NA,NA,NA
WG0080,stream_gauge,2020-05-14T20:00:00Z,135,2020,NA,NA,NA,NA,NA,5.806,334.49782,16.7398,43.61,0.005,0.401541,0,0.03,0.015,4.266801,0,0.022205,0.025,0.025,0.002109,0.028065,8.135341,0.025,0.25,0.206071,0.005,0.462465,0.595358,0.033019,0.86,1.35,0.01,2.29,0.84,0.57,-0.01,-0.02,3.29,4.72,0.01,400,350,460,240,0.01,0.03,0.45,-130.48,-17.67,NA,NA,NA,,NA,NA,,NA,NA,NA,NA,NA,NA,NA,NA,NA,NA,NA,NA,NA,NA,NA,NA,NA
WG0081,glacier_2,2020-05-14T21:05:00Z,135,2020,1.5,NA,NA,77.3,7.63,5.892,511.45038,25.5953,75.7,0.005,0.476361,0,0.04,0.015,11.100393,0,0.036186,0.025,0.025,0.001752,0.021877,13.968012,0.025,0.25,0.43474,0.005,0.72216,0.777721,0.055682,0.75,1.38,0.01,0.6,0.5,0.86,-0.01,-0.01,6,9.35,0.01,400,350,416,240,0,0.01,0.71,-136.72,-18.58,NA,NA,NA,,NA,NA,,NA,NA,NA,NA,NA,NA,NA,NA,NA,NA,NA,NA,NA,NA,NA,NA,NA
WG0082_A,forest_north,2020-05-14T22:05:00Z,135,2020,4,12.9,NA,31.7,7.41,5.832,313.2321,15.6756,35.92,0.005,0.405047,0,0.01,0.015,1.871713,0,0.007043,0,0.025,0.002077,0.012728,6.724788,0.025,0.25,0.14955,0.005,0.491604,0.804497,0.020497,1.21,1.26,0.03,6.42,0.94,0.67,-0.01,-0.02,1.75,2.18,0.01,400,350,446,240,0.02,0.06,0.35,-119.22,-16.55,NA,NA,NA,,NA,NA,,NA,NA,NA,NA,NA,NA,NA,NA,NA,NA,NA,NA,NA,NA,NA,NA,NA
WG0082-A_replicate,forest_north,2020-05-14T22:05:00Z,135,2020,NA,NA,NA,NA,NA,NA,NA,NA,NA,NA,NA,NA,NA,NA,NA,NA,NA,0.025,0.025,0.001788,NA,NA,NA,NA,NA,NA,NA,NA,NA,NA,NA,NA,NA,NA,NA,NA,NA,NA,NA,NA,NA,NA,NA,NA,NA,NA,NA,NA,NA,NA,NA,NA,,NA,NA,,NA,NA,NA,NA,NA,NA,NA,NA,NA,NA,NA,NA,NA,NA,NA,NA,NA
WG0082_B,nellie_juan,2020-05-15T01:20:00Z,135,2020,5.6,13.9,NA,53,7.53,5.84,385.26663,19.2805,52.15,0.013563,0.663411,0,0.06,0.015,5.866866,0,0.045471,0.025,0.064723,0,0.023456,9.317116,0.025,0.25,0.41645,0.005,0.731886,0.879513,0.041233,0.97,1.29,0.02,3.67,0.81,0.81,-0.01,-0.02,6.38,9.86,0.02,400,350,454,240,0.02,0.04,0.44,-120.39,-16.65,NA,NA,NA,,NA,NA,,NA,NA,NA,NA,NA,NA,NA,NA,NA,NA,NA,NA,NA,NA,NA,NA,NA
WG0082-B_replicate,nellie_juan,2020-05-15T01:20:00Z,135,2020,NA,NA,NA,NA,NA,NA,NA,NA,NA,0.011247,0.604125,0,0.05,0.015,5.805749,0,0.045518,NA,NA,NA,0.023333,9.264991,0.025,0.25,0.416954,0.005,0.731299,0.855177,0.041488,NA,NA,NA,NA,NA,NA,NA,NA,NA,NA,NA,NA,NA,NA,NA,NA,NA,NA,NA,NA,NA,NA,NA,,NA,NA,,NA,NA,NA,NA,NA,NA,NA,NA,NA,NA,NA,NA,NA,NA,NA,NA,NA
WG0083,glacier_2,2020-06-10T18:30:00Z,162,2020,0.6,13.2,NA,92.3,7.55,5.778,366.09035,18.3208,92.56,0,0.346174,0,0.01,0.015,23.183895,0,0.023888,0.025,0.025,5e-4,0.03635,14.723237,0.025,0.25,0.882285,0.005,0.890747,0.547073,0.089521,0.25,1.3,0.01,1.87,0.66,1.62,-0.01,-0.01,8.74,15.21,0.02,400,350,446,240,0.02,0.03,0.52,-138.96,-18.89,NA,NA,NA,,NA,NA,,NA,NA,NA,NA,NA,NA,NA,NA,NA,NA,NA,NA,NA,NA,NA,NA,NA
WG0084,shrub_creek,2020-06-10T21:00:00Z,162,2020,6.9,11.5,NA,34.4,7.59,5.806,302.01415,15.1142,36.17,0,0.192197,0,0.01,0.015,2.543564,0,0.00224,0.025,0.025,5e-4,0.005,6.574054,0.025,0.25,0.141995,0.005,0.40553,0.823115,0.023564,0.25,1.32,0.01,3.38,0.91,0.25,-0.02,-0.08,0.64,1.16,0.01,400,350,442,240,0.01,0.03,0.4,-131.83,-17.75,NA,NA,NA,,NA,NA,,NA,NA,NA,NA,NA,NA,NA,NA,NA,NA,NA,NA,NA,NA,NA,NA,NA
WG0085,stream_gauge,2020-06-10T22:30:00Z,162,2020,3.2,13.3,NA,63.4,7.41,5.769,269.12029,13.468,61.6,0,0.28534,0,0.01,0.015,13.067347,0.005,0.009381,0.025,0.025,5e-4,0.021684,10.268748,0.025,0.25,0.450646,0.005,0.553997,0.417251,0.05322,0.54,1.41,0.01,0.64,0.58,1.65,-0.01,0,5.23,7.22,0.01,400,350,427,240,0,0.01,0.64,-133.48,-17.79,NA,NA,NA,,NA,NA,,NA,NA,NA,NA,NA,NA,NA,NA,NA,NA,NA,NA,NA,NA,NA,NA,NA
WG0086,tundra,2020-06-11T00:00:00Z,162,2020,6.6,11.4,NA,21.5,7.32,5.612,176.64865,8.8403,22.42,0,0.23725,0,0.01,0.015,1.727028,0.005,0.001,0.025,0.025,0.002304,0.005,3.840407,0.025,0.25,0.099314,0.005,0.353001,0.571924,0.015204,0.25,1.2,0.03,8.56,0.85,1.32,-0.01,-0.01,9.54,17.47,0.03,436,310,424,240,0.06,0.13,0.46,-127.7,-17.35,NA,NA,NA,,NA,NA,,NA,NA,NA,NA,NA,NA,NA,NA,NA,NA,NA,NA,NA,NA,NA,NA,NA
WG0087,forest_north,2020-06-11T01:45:00Z,162,2020,7.5,11.3,NA,27.9,7.22,5.727,233.2431,11.6725,25.46,0,0.206838,0,0,0.015,1.259866,0,0,0.025,0.025,0.001964,0.005,4.749693,0.025,0.25,0.09496,0.005,0.333855,0.599264,0.011491,0.25,1.27,0.01,2.89,0.91,0.65,-0.02,-0.02,0.69,1.23,0.01,400,350,460,240,0.01,0.03,0.38,-116.86,-16.06,NA,NA,NA,,NA,NA,,NA,NA,NA,NA,NA,NA,NA,NA,NA,NA,NA,NA,NA,NA,NA,NA,NA
WG0088,shrub_creek,2020-06-30T18:40:00Z,182,2020,8,11.4,NA,37.8,7.39,5.796,327.52839,16.391,37.53,0,0.138576,0,0.01,0.015,2.788509,0,0.002655,0.025,0.025,0.002138,0.005,7.218105,0.025,0.25,0.151114,0.005,0.403784,0.817193,0.026775,NA,1.4,0.01,3.04,0.93,NA,-0.02,NA,0.08,0.09,0.01,449,330,440,240,0.01,0.03,0.41,NA,NA,NA,NA,NA,,NA,NA,,NA,NA,NA,NA,NA,NA,NA,NA,NA,NA,NA,NA,NA,NA,NA,NA,NA
WG0089,stream_gauge,2020-06-30T19:55:00Z,182,2020,3,13.5,NA,29.5,6.99,5.723,202.57511,10.1378,32.81,0,0.237104,0,0.01,0.015,5.024828,0,0.008148,0.025,0.078807,0.001598,0.015977,5.68462,0.025,0.25,0.225721,0.005,0.30742,0.248774,0.019428,0.84,1.95,0,0.25,0.51,-1.04,-0.01,0.01,2.53,3.3,0,422,305,420,240,0,0,0.52,-129.62,-17.68,NA,NA,NA,,NA,NA,,NA,NA,NA,NA,NA,NA,NA,NA,NA,NA,NA,NA,NA,NA,NA,NA,NA
WG0090,glacier_2,2020-06-30T21:46:00Z,182,2020,0.5,13.3,NA,31.6,7.22,5.686,171.80472,8.5979,32.25,0,0.272173,0,0.01,0.015,5.7123,0,0.01291,0.025,0.025,5e-4,0.005,5.16949,0.025,0.25,0.263255,0.005,0.335361,0.193861,0.017281,0.62,1.54,0,0.14,0.34,2.46,0.01,0,1.16,1.46,0,412,300,412,240,0,0,0.4,-131.87,-18.06,NA,NA,NA,,NA,NA,,NA,NA,NA,NA,NA,NA,NA,NA,NA,NA,NA,NA,NA,NA,NA,NA,NA
WG0091,tundra,2020-07-01T02:14:00Z,182,2020,NA,NA,NA,NA,NA,5.688,177.15517,8.8656,21.71,0,0.185392,0,0,0.015,1.744867,0,0,0.025,0.025,0.001939,0.005,3.837889,0.025,0.25,0.098257,0.005,0.360944,0.550098,0.015964,0.56,1.31,0,1.48,0.85,NA,NA,0.01,0.12,0.34,0.01,440,315,418,240,0.01,0.01,0.47,-122.04,-16.62,NA,NA,NA,,NA,NA,,NA,NA,NA,NA,NA,NA,NA,NA,NA,NA,NA,NA,NA,NA,NA,NA,NA
WG0091_replicate,tundra,2020-07-01T02:14:00Z,182,2020,NA,NA,NA,NA,NA,NA,NA,NA,NA,NA,NA,NA,NA,NA,NA,NA,NA,0,0.025,0.001874,NA,NA,NA,NA,NA,NA,NA,NA,NA,NA,NA,NA,NA,NA,NA,NA,NA,NA,NA,NA,NA,NA,NA,NA,NA,NA,NA,NA,NA,NA,NA,NA,,NA,NA,,NA,NA,NA,NA,NA,NA,NA,NA,NA,NA,NA,NA,NA,NA,NA,NA,NA
WG0092,forest_north,2020-07-01T03:17:00Z,182,2020,NA,NA,NA,NA,NA,5.811,346.05764,17.3183,37.18,0,0.215972,0,0.01,0.015,1.727793,0,0.009156,0.025,0.025,0,0.005,7.180107,0.025,0.25,0.14616,0.005,0.43747,0.838489,0.024255,0.8,1.35,0.02,4.3,0.94,1.13,-0.01,-0.01,0.97,1.18,0.01,442,315,450,240,0.01,0.04,0.35,-111.47,-15.39,NA,NA,NA,,NA,NA,,NA,NA,NA,NA,NA,NA,NA,NA,NA,NA,NA,NA,NA,NA,NA,NA,NA
WG0092_replicate,forest_north,2020-07-01T03:17:00Z,182,2020,NA,NA,NA,NA,NA,NA,NA,NA,NA,0,0.221041,0,0.01,0.015,1.738956,0,0.009304,NA,NA,NA,0.005,7.21766,0.025,0.25,0.145814,0.005,0.43873,0.830403,0.024356,NA,NA,NA,NA,NA,NA,NA,NA,NA,NA,NA,NA,NA,NA,NA,NA,NA,NA,NA,NA,NA,NA,NA,,NA,NA,,NA,NA,NA,NA,NA,NA,NA,NA,NA,NA,NA,NA,NA,NA,NA,NA,NA
WG0093,nellie_juan,2020-07-01T03:43:00Z,182,2020,NA,NA,NA,NA,NA,5.493,182.45232,9.1307,33.86,0,0.233106,0,0.01,0.015,5.927988,0,0.00725,0.025,0.025,5e-4,0.011313,4.974715,0.025,0.25,0.328324,0.005,0.457854,0.305578,0.045132,0.87,1.52,0,0.32,0.59,0.48,-0.01,-0.02,1.53,2.01,0,420,305,430,240,0,0,0.4,-113.09,-15.32,NA,NA,NA,,NA,NA,,NA,NA,NA,NA,NA,NA,NA,NA,NA,NA,NA,NA,NA,NA,NA,NA,NA
WG0094,tundra,2020-09-05T19:20:00Z,249,2020,7.3,11.3,NA,38.2,7.4,5.781,316.75794,15.852,38.01,0,0.229031,0,0.01,0.015,2.930349,0.005,0.008654,0.025,0.025,0.001757,0.005,6.406788,0.025,0.25,0.167598,0.005,0.627364,0.964986,0.04927,0.65,1.31,-0.01,2.71,0.95,3.89,-0.02,-0.01,0.06,0.07,0.01,445,325,436,240,0.01,0.02,0.45,NA,NA,NA,NA,NA,,NA,NA,,NA,NA,NA,NA,NA,NA,NA,NA,NA,NA,NA,NA,NA,NA,NA,NA,NA
WG0094_UF,tundra,2020-09-05T19:20:00Z,249,2020,NA,NA,NA,NA,NA,5.791,320.26505,16.0275,37.85,NA,NA,NA,NA,NA,NA,NA,NA,NA,NA,NA,NA,NA,NA,NA,NA,NA,NA,NA,NA,NA,NA,NA,NA,NA,NA,NA,NA,NA,NA,NA,NA,NA,NA,NA,NA,NA,NA,NA,NA,NA,NA,NA,,NA,NA,,NA,NA,NA,NA,NA,NA,NA,NA,NA,NA,NA,NA,NA,NA,NA,NA,NA
WG0095,forest_north,2020-09-05T21:10:00Z,249,2020,9.1,10.2,NA,49,7.14,5.879,445.75163,22.3074,47.67,0,0.380222,0.005,0.01,0.015,2.311596,0,0.010551,0.025,0.025,5e-4,0.014018,8.569466,0.025,0.25,0.192577,0.005,0.692128,1.247076,0.046772,0.98,1.34,0.07,10.74,0.97,3.38,0,0,0.09,0.1,0.01,460,330,460,240,0.03,0.09,0.39,-111.7,-15.19,NA,NA,NA,,NA,NA,,NA,NA,NA,NA,NA,NA,NA,NA,NA,NA,NA,NA,NA,NA,NA,NA,NA
WG0095_UF,forest_north,2020-09-05T21:10:00Z,249,2020,NA,NA,NA,NA,NA,5.873,438.67403,21.9532,47.85,NA,NA,NA,NA,NA,NA,NA,NA,NA,NA,NA,NA,NA,NA,NA,NA,NA,NA,NA,NA,NA,NA,NA,NA,NA,NA,NA,NA,NA,NA,NA,NA,NA,NA,NA,NA,NA,NA,NA,NA,NA,NA,NA,,NA,NA,,NA,NA,NA,NA,NA,NA,NA,NA,NA,NA,NA,NA,NA,NA,NA,NA,NA
WG0096,nellie_juan,2020-09-05T23:00:00Z,249,2020,6.5,13.5,NA,53.3,7.66,5.822,338.9415,16.9622,52.25,0,0.391043,0,0.01,0.015,8.234724,0.005,0.013367,0.025,0.025,0.001962,0.019689,8.519971,0.025,0.25,0.491067,0.005,0.652763,0.644648,0.05827,0.56,1.4,0.01,1.49,0.8,1.09,-0.02,-0.02,1.83,2.56,0.01,450,330,434,240,0.01,0.01,0.45,-118.71,-15.95,NA,NA,NA,,NA,NA,,NA,NA,NA,NA,NA,NA,NA,NA,NA,NA,NA,NA,NA,NA,NA,NA,NA
WG0096_UF,nellie_juan,2020-09-05T23:00:00Z,249,2020,NA,NA,NA,NA,NA,5.808,347.85479,17.4082,51.99,NA,NA,NA,NA,NA,NA,NA,NA,NA,NA,NA,NA,NA,NA,NA,NA,NA,NA,NA,NA,NA,NA,NA,NA,NA,NA,NA,NA,NA,NA,NA,NA,NA,NA,NA,NA,NA,NA,NA,NA,NA,NA,NA,,NA,NA,,NA,NA,NA,NA,NA,NA,NA,NA,NA,NA,NA,NA,NA,NA,NA,NA,NA
WG0097,glacier_2,2020-09-06T00:20:00Z,249,2020,4.7,11.8,NA,55.1,7.81,5.895,494.53341,24.7487,60.08,0,0.185878,0,0.01,0.015,6.387661,0,0,0,0.025,0.001956,0.005,11.257617,0.025,0.25,0.329174,0.005,0.538516,0.885766,0.056105,0.25,1.63,-0.01,0.72,0.65,4.73,0.04,0.01,0.64,0.78,0.01,442,307.5,454,240,0,0.01,0.52,-125.67,-16.77,NA,NA,NA,,NA,NA,,NA,NA,NA,NA,NA,NA,NA,NA,NA,NA,NA,NA,NA,NA,NA,NA,NA
WG0097_UF,glacier_2,2020-09-06T00:20:00Z,249,2020,NA,NA,NA,NA,NA,5.911,513.58301,25.702,61.5,NA,NA,NA,NA,NA,NA,NA,NA,NA,NA,NA,NA,NA,NA,NA,NA,NA,NA,NA,NA,NA,NA,NA,NA,NA,NA,NA,NA,NA,NA,NA,NA,NA,NA,NA,NA,NA,NA,NA,NA,NA,NA,NA,,NA,NA,,NA,NA,NA,NA,NA,NA,NA,NA,NA,NA,NA,NA,NA,NA,NA,NA,NA
WG0098,stream_gauge,2020-09-09T21:00:00Z,253,2020,2,13.7,NA,35.4,7.26,5.745,207.03297,10.360900000000001,33.71,0,0.160576,0,0.01,0.015,5.748263,0.005,0.001,0.025,0.025,0,0.011141,5.509698,0.025,0.25,0.274707,0.005,0.303314,0.2237,0.034461,0.25,1.56,0.02,0.5,0.52,9.1,0.01,0,3.01,3.99,0.01,424,305,450,240,0,0,0.52,-122.39,-16.62,NA,NA,NA,,NA,NA,,NA,NA,NA,NA,NA,NA,NA,NA,NA,NA,NA,NA,NA,NA,NA,NA,NA
WG0099,shrub_creek,2020-09-09T22:00:00Z,253,2020,7.3,11.6,NA,70.3,7.8,5.867,619.04762,30.98,68.09,0,0.228048,0,0.01,0.015,4.431503,0,0.023611,0.025,0.055899,0.002071,0.005,12.104446,0.025,0.25,0.269145,0.005,0.737501,1.354002,0.071602,0.98,1.38,0.08,9.09,0.96,2.92,0,0,0.09,0.1,0.01,456,335,460,240,0.03,0.07,0.45,-118.83,-15.63,NA,NA,NA,,NA,NA,,NA,NA,NA,NA,NA,NA,NA,NA,NA,NA,NA,NA,NA,NA,NA,NA,NA
WG0100,forest,2020-09-10T00:20:00Z,253,2020,8.8,11.6,NA,66,7.73,5.936,597.88301,29.9208,62.17,0,0.590249,0,0.01,0.015,2.774525,0.015034,0,0.025,0.078427,0.002674,0.028357,11.097904,0.025,0.25,0.405478,0.005,1.050922,1.659621,0.079015,1.58,1.31,0.08,13.44,0.96,1.74,0,0,0.11,0.13,0.02,452,325,456,240,0.05,0.12,0.39,-108.59,-14.74,NA,NA,NA,,NA,NA,,NA,NA,NA,NA,NA,NA,NA,NA,NA,NA,NA,NA,NA,NA,NA,NA,NA
WG0101,glacier_2,2020-09-10T04:20:00Z,253,2020,NA,NA,NA,NA,NA,5.832,372.00656,18.6169,45.58,0,0.132844,0,0.01,0.015,4.325407,0,0,0.025,0.025,5e-4,0.005,7.913858,0.025,0.25,0.237254,0.005,0.367408,0.648747,0.040395,0.25,1.32,-0.02,0.56,0.61,9.29,-0.02,0,2.94,3.8,0.01,458,300,438,240,0,0.01,0.58,-123.03,-16.4,NA,NA,NA,,NA,NA,,NA,NA,NA,NA,NA,NA,NA,NA,NA,NA,NA,NA,NA,NA,NA,NA,NA
WG0101_replicate,glacier_2,2020-09-10T04:20:00Z,253,2020,NA,NA,NA,NA,NA,NA,NA,NA,NA,NA,NA,NA,NA,NA,NA,NA,NA,0.025,0.025,5e-4,NA,NA,NA,NA,NA,NA,NA,NA,NA,NA,NA,NA,NA,NA,NA,NA,NA,NA,NA,NA,NA,NA,NA,NA,NA,NA,NA,NA,NA,NA,NA,NA,,NA,NA,,NA,NA,NA,NA,NA,NA,NA,NA,NA,NA,NA,NA,NA,NA,NA,NA,NA
WG0102,glacier_2,2020-09-10T18:05:00Z,254,2020,4.3,11.6,NA,77,7.91,5.923,611.46637,30.6006,71.34,0,0.215694,0,0.01,0.015,6.640812,0,0,0.025,0.025,5e-4,0.005,12.687174,0.025,0.25,0.388017,0.005,0.658534,1.125304,0.065803,0.25,1.52,0.03,1.06,0.76,3.26,0.01,0,0.8,0.96,0.01,444,330,412,240,0,0.01,0.59,NA,NA,NA,NA,NA,,NA,NA,,NA,NA,NA,NA,NA,NA,NA,NA,NA,NA,NA,NA,NA,NA,NA,NA,NA
WG0102_replicate,glacier_2,2020-09-10T18:05:00Z,254,2020,NA,NA,NA,NA,NA,NA,NA,NA,NA,0,0.199696,0,0.01,0.015,6.612154,0,0,NA,NA,NA,0.005,12.918786,0.025,0.25,0.388946,0.005,0.65853,1.124318,0.066358,NA,NA,NA,NA,NA,NA,NA,NA,NA,NA,NA,NA,NA,NA,NA,NA,NA,NA,NA,NA,NA,NA,NA,,NA,NA,,NA,NA,NA,NA,NA,NA,NA,NA,NA,NA,NA,NA,NA,NA,NA,NA,NA
WG0103,glacier_2,2020-09-11T03:12:00Z,254,2020,2.5,12.5,NA,41.1,7.61,5.822,323.20534,16.1747,39.34,0,0.117096,0,0.01,0.015,3.668881,0,0,0.025,0.025,0.001897,0.005,6.726478,0.025,0.25,0.19739,0.005,0.308204,0.550255,0.033511,0.25,1.35,-0.02,0.49,0.61,2.97,-0.02,-0.01,1.56,1.91,0.01,434,315,416,240,0,0,0.46,-122.65,-16.46,NA,NA,NA,,NA,NA,,NA,NA,NA,NA,NA,NA,NA,NA,NA,NA,NA,NA,NA,NA,NA,NA,NA
WG0103_replicate,glacier_2,2020-09-11T03:12:00Z,254,2020,NA,NA,NA,NA,NA,NA,NA,NA,NA,NA,NA,NA,NA,NA,NA,NA,NA,NA,NA,NA,NA,NA,NA,NA,NA,NA,NA,NA,NA,0.25,NA,NA,NA,NA,NA,NA,NA,NA,NA,NA,NA,NA,NA,NA,NA,NA,NA,NA,NA,NA,NA,NA,,NA,NA,,NA,NA,NA,NA,NA,NA,NA,NA,NA,NA,NA,NA,NA,NA,NA,NA,NA
WG0104,glacier_2,2020-09-11T18:15:00Z,255,2020,NA,NA,NA,NA,NA,5.95,630.29625,31.5429,72.12,0,0.207469,0,0.01,0.015,6.521623,0,0.001,0.025,0.025,0.002087,0.005,13.491713,0.025,0.25,0.400429,0.005,0.679601,1.162494,0.067887,0.25,1.45,0.06,1.08,0.8,1.19,0,0,0.44,0.66,0.01,428,305,438,240,0,0.01,0.48,-123.51,-16.36,NA,NA,NA,,NA,NA,,NA,NA,NA,NA,NA,NA,NA,NA,NA,NA,NA,NA,NA,NA,NA,NA,NA
WG0115,glacier_1,2020-09-11T18:45:00Z,255,2020,NA,NA,NA,NA,NA,5.748,207.35931,10.3772,26.26,0,0.095095,0,0.01,0.015,2.503458,0,0,0,0,5e-4,0.005,4.331894,0.025,0.25,0.128708,0.005,0.19349,0.307914,0.020897,0.25,1.25,0.02,0.33,0.74,10.34,0.01,0,1.42,1.75,0,446,315,412,240,0,0,0.18,-121.87,-16.52,NA,NA,NA,,NA,NA,,NA,NA,NA,NA,NA,NA,NA,NA,NA,NA,NA,NA,NA,NA,NA,NA,NA
WG0114,mid_gw,2020-09-11T22:00:00Z,255,2020,NA,NA,NA,NA,NA,5.904,591.07143,29.5799,69.63,0,0.507972,0,0.01,0.015,6.497925,0.045241,0,0.025,0.172076,0.005069,0.005,12.684989,0.025,0.25,0.247587,0.005,0.840061,1.077146,0.07297,0.64,1.51,0,2.37,0.18,22.34,-0.05,0,0.61,0.67,0.05,426,320,446,240,0.01,0.02,0.64,-116.44,-15.41,NA,NA,NA,,NA,NA,,NA,NA,NA,NA,NA,NA,NA,NA,NA,NA,NA,NA,NA,NA,NA,NA,NA
WG0106,glacier_2,2020-09-12T19:35:00Z,256,2020,4.6,11.5,NA,79.3,7.88,5.951,649.55556,32.5067,73.46,0,0.2171,0,0,0.015,6.305003,0,0,0.025,0.025,0.0021,0.005,13.32672,0.025,0.25,0.402254,0.005,0.682336,1.167623,0.067936,0.25,1.61,0.01,0.96,0.57,10.64,0.02,0,0.39,0.48,0.01,441,315,424,240,0,0.01,0.56,-124.78,-16.52,NA,NA,NA,,NA,NA,,NA,NA,NA,NA,NA,NA,NA,NA,NA,NA,NA,NA,NA,NA,NA,NA,NA
WG0107,glacier_1,2020-09-13T02:40:00Z,256,2020,NA,NA,NA,NA,NA,5.707,145.07659,7.2603,14.42,0,0.120695,0,0.01,0.015,0.504993,0.005,0,0,0.025,5e-4,0.04177,2.425552,0.025,0.25,0.077646,0.005,0.05,0.124433,0.005,0.25,1.02,0,0.43,0.26,6.46,0.03,0.01,4.72,7.07,0.04,414,300,454,240,0,0.01,0.82,-119.03,-16.34,NA,NA,NA,,NA,NA,,NA,NA,NA,NA,NA,NA,NA,NA,NA,NA,NA,NA,NA,NA,NA,NA,NA
WG0108,glacier_2,2020-09-13T03:00:00Z,256,2020,2.9,12.3,NA,39.1,7.65,5.779,316.18625,15.8234,36.55,0,0.099302,0,0.01,0.015,3.273589,0,0.001,0.025,0.025,0.001827,0.005,6.639531,0.025,0.25,0.188951,0.005,0.287311,0.485932,0.031912,0.25,NA,NA,NA,NA,NA,NA,NA,NA,NA,NA,NA,NA,NA,NA,NA,NA,NA,-122.17,-16.75,NA,NA,NA,,NA,NA,,NA,NA,NA,NA,NA,NA,NA,NA,NA,NA,NA,NA,NA,NA,NA,NA,NA
WG0109,glacier_1,2020-09-13T19:09:00Z,257,2020,0.8,13.1,NA,22.8,8.63,5.501,261.53846,13.0886,27.12,0,0.035154,0,0.01,0.015,1.065097,0,0,0.025,0.025,5e-4,0.017023,4.432801,0.025,0.25,0.112513,0.005,0.05,0.124004,0.018436,0.25,0.92,-0.01,0.26,0.33,-7.97,-0.14,0.02,5.56,9.04,0.01,414,300,460,240,0,0,0.7,-117.28,-15.96,NA,NA,NA,,NA,NA,,NA,NA,NA,NA,NA,NA,NA,NA,NA,NA,NA,NA,NA,NA,NA,NA,NA
WG0110,glacier_1,2020-09-13T19:19:00Z,257,2020,0.8,13.1,NA,22.8,8.63,5.699,243.55458,12.1886,24.71,0,0.039714,0,0.01,0.015,1.017675,0,0,0.025,0.025,0.002918,0.022446,4.424863,0.025,0.25,0.108702,0.005,0.05,0.122785,0.017793,0.25,1.48,-0.01,0.11,-0.04,NA,-0.04,NA,0.47,0.62,0,428,305,426,240,0,0,-0.18,-117.88,-16.03,NA,NA,NA,,NA,NA,,NA,NA,NA,NA,NA,NA,NA,NA,NA,NA,NA,NA,NA,NA,NA,NA,NA
WG0111,glacier_1,2020-09-13T19:28:00Z,257,2020,0.8,13.1,NA,22.8,8.63,5.699,219.41854,10.9807,22.67,0,0.03799,0,0,0.015,0.938689,0,0,0.025,0.025,0.00304,0.021084,4.060209,0.025,0.25,0.107633,0.005,0.05,0.126305,0.016327,0.25,0.92,0.06,0.11,0.18,-0.26,0,0,1.9,2.54,0,458,300,402,240,0,0,0.17,-117.85,-16.07,NA,NA,NA,,NA,NA,,NA,NA,NA,NA,NA,NA,NA,NA,NA,NA,NA,NA,NA,NA,NA,NA,NA
WG0112,glacier_2,2020-09-13T19:50:00Z,257,2020,4.7,11.5,NA,76.3,7.92,5.894,627.53304,31.4046,70.91,0,0.232276,0,0.01,0.015,5.973127,0,0.003126,0.025,0.025,0.001078,0.005,12.991131,0.025,0.25,0.388794,0.005,0.649678,1.118968,0.065022,0.25,1.46,0.02,0.88,0.62,1.16,0,0,0.54,0.68,0,432,310,416,240,0,0.01,0.43,-124.52,-16.67,NA,NA,NA,,NA,NA,,NA,NA,NA,NA,NA,NA,NA,NA,NA,NA,NA,NA,NA,NA,NA,NA,NA
WG0112_replicate,glacier_2,2020-09-13T19:50:00Z,257,2020,NA,NA,NA,NA,NA,NA,NA,NA,NA,NA,NA,NA,NA,NA,NA,NA,NA,0.025,0.025,0.001248,0.005,12.928395,0.025,0.25,0.387066,0.005,0.649666,1.136229,0.064766,NA,NA,NA,NA,NA,NA,NA,NA,NA,NA,NA,NA,NA,NA,NA,NA,NA,NA,NA,NA,NA,NA,NA,,NA,NA,,NA,NA,NA,NA,NA,NA,NA,NA,NA,NA,NA,NA,NA,NA,NA,NA,NA
WG0113,glacier_1,2020-09-13T20:45:00Z,257,2020,2.1,NA,NA,22.8,7.65,5.738,196.25138,9.8213,24,0,0.065391,0,0.01,0.015,2.193964,0,0,0,0.025,0,0.005,4.061147,0.025,0.25,0.115047,0.005,0.168881,0.28253,0.019271,0.25,1.22,0.03,0.23,0.45,-3.65,0,0,1.05,1.18,0,442,310,402,240,0,0,0.32,-121.85,-16.57,NA,NA,NA,,NA,NA,,NA,NA,NA,NA,NA,NA,NA,NA,NA,NA,NA,NA,NA,NA,NA,NA,NA
WG0113_replicate,glacier_1,2020-09-13T20:45:00Z,257,2020,NA,NA,NA,NA,NA,NA,NA,NA,NA,0,0.069529,0,0,0.015,2.218546,0,0,NA,NA,NA,NA,NA,NA,NA,NA,NA,NA,NA,NA,0.25,NA,NA,NA,NA,NA,NA,NA,NA,NA,NA,NA,NA,NA,NA,NA,NA,NA,NA,NA,NA,NA,NA,,NA,NA,,NA,NA,NA,NA,NA,NA,NA,NA,NA,NA,NA,NA,NA,NA,NA,NA,NA
WG0116,nellie_juan,2020-10-16T20:30:00Z,290,2020,3,14.6,NA,71.8,6.91,5.82,357.63657,17.8978,58.17,0,0.340576,0,0.01,0.015,10.425027,0,0.007858,0,0.025,5e-4,0.026402,9.601835,0.025,0.25,0.441486,0.005,0.566045,0.439028,0.060454,0.25,1.33,0.05,0.95,0.6,32.88,0.01,0,4.2,6.29,0.01,420,310,418,240,0.01,0.01,0.51,-123.6,-16.99,NA,NA,NA,,NA,NA,,NA,NA,NA,NA,NA,NA,NA,NA,NA,NA,NA,NA,NA,NA,NA,NA,NA
WG0122,shrub_creek,2020-10-16T22:10:00Z,290,2020,4.5,11.8,NA,97,7.64,5.92,525.39596,26.2932,59.05,0,0.261513,0.005,0.03,0.015,3.77826,0,0.04013,0.025,0.067706,0.002065,0.005,10.598195,0.025,0.25,0.243743,0.005,0.657406,1.376725,0.058794,1,1.4,0.04,7.72,0.9,-0.14,0,0,0.08,0.07,0.02,457,332.5,444,240,0.03,0.07,0.45,-117.48,-15.82,NA,NA,NA,,NA,NA,,NA,NA,NA,NA,NA,NA,NA,NA,NA,NA,NA,NA,NA,NA,NA,NA,NA
WG0122_replicate,shrub_creek,2020-10-16T22:10:00Z,290,2020,NA,NA,NA,NA,NA,NA,NA,NA,NA,NA,NA,NA,NA,NA,NA,NA,NA,0.025,0.06887,0.002136,0.005,10.563419,0.025,0.25,0.241173,0.005,0.652024,1.360972,0.057835,0.88,NA,NA,NA,NA,NA,NA,NA,NA,NA,NA,NA,NA,NA,NA,NA,NA,NA,NA,NA,NA,NA,NA,,NA,NA,,NA,NA,NA,NA,NA,NA,NA,NA,NA,NA,NA,NA,NA,NA,NA,NA,NA
WG0117,glacier_1,2020-10-17T00:47:00Z,290,2020,0.5,11.3,NA,98.5,5.73,5.977,765.68899,38.318600000000004,95.47,0,0.230889,0,0.01,0.015,11.189156,0,0,0.025,0.025,0.002103,0.005,16.88022,0.025,0.25,0.724929,0.005,0.741206,0.943455,0.077077,0.25,1.34,0.06,0.36,0.4,2.78,0,0,1.9,2.41,0.01,450,300,460,240,0,0.01,0.57,-121.97,-16.07,NA,NA,NA,,NA,NA,,NA,NA,NA,NA,NA,NA,NA,NA,NA,NA,NA,NA,NA,NA,NA,NA,NA
WG0118,nellie_juan,2020-10-19T20:00:00Z,293,2020,2.4,NA,NA,77.4,7.49,5.91,495.427,24.7934,76.71,0,0.618016,0,0.03,0.015,11.929908,0,0.038547,0.025,0.0664,0.002087,0.021455,12.24832,0.025,0.25,0.722063,0.005,0.94862899999999994,1.022508,0.080598,0.25,1.34,0.04,2.77,0.82,4.53,0,0,3.47,4.83,0.01,440,315,459,240,0.01,0.03,0.46,-115.56,-15.73,NA,NA,NA,,NA,NA,,NA,NA,NA,NA,NA,NA,NA,NA,NA,NA,NA,NA,NA,NA,NA,NA,NA
WG0120,shrub_creek,2020-10-19T21:50:00Z,293,2020,1.3,13.8,NA,63.7,7.65,5.923,556.71233,27.8604,62.85,0,0.244576,0,0.03,0.015,4.167585,0,0.042578,0.025,0.066718,0.001797,0.005,11.263559,0.025,0.25,0.26195,0.005,0.678389,1.368263,0.062912,0.75,1.36,0.06,7.9,0.85,-2.68,0,0,0.24,0.28,0.02,452,320,458,240,0.03,0.07,0.43,-117.7,-16.44,NA,NA,NA,,NA,NA,,NA,NA,NA,NA,NA,NA,NA,NA,NA,NA,NA,NA,NA,NA,NA,NA,NA
WG0121,stream_gauge,2020-10-19T23:25:00Z,293,2020,0.2,14.1,NA,67.4,7.42,5.882,477.99017,23.9208,71.77,0,0.561882,0,0.03,0.015,10.84827,0,0.038093,0.025,0.058768,5e-4,0.026944,11.511825,0.025,0.25,0.679048,0.005,0.90754,1.011612,0.074703,0.59,1.34,0.09,3.52,0.72,0.24,0,0,3.69,5.17,0.01,442,310,450,240,0.01,0.03,0.45,-115.68,-16.3,NA,NA,NA,,NA,NA,,NA,NA,NA,NA,NA,NA,NA,NA,NA,NA,NA,NA,NA,NA,NA,NA,NA
WG0119,tundra,2020-10-20T02:00:00Z,293,2020,0,NA,NA,31.4,7.31,5.757,386.63014,19.3487,68.23,0,0.29815,0,0.01,0.015,12.18925,0,0,0.025,0.025,0.002388,0.026149,10.43778,0.025,0.25,0.492187,0.005,0.618381,0.446305,0.066938,0.25,1.18,0.03,0.75,0.72,-3.54,0,0,3.18,4.55,0.01,458,300,428,240,0,0.01,0.46,-125.82,-18.02,NA,NA,NA,,NA,NA,,NA,NA,NA,NA,NA,NA,NA,NA,NA,NA,NA,NA,NA,NA,NA,NA,NA
WG0123,nellie_juan,2021-05-12T23:05:00Z,132,2021,2.5,15,NA,54.1,7.37,6.115,387.60632,19.3976,51.31,0,0.915678,0,0.1,0.015,5.16866,0,0.109527,0.025,0.134206,0,0.017075,9.712738,0,0.25,0.463632,0.005,0.675394,1.113844,0.053296,1.07,1.28,0.12,8.11,0.86,0,-0.03,0,7.08,12.85,0.03,456,335,444,240,0.03,0.08,0.4,-116.03,-15.58,NA,NA,NA,,NA,NA,,NA,NA,NA,NA,NA,NA,NA,NA,NA,NA,NA,NA,NA,NA,NA,NA,NA
WG0123_replicate,nellie_juan,2021-05-12T23:05:00Z,132,2021,NA,NA,NA,NA,NA,NA,NA,NA,NA,0,0.906305,0,0.1,0.015,5.166082,NA,0.109818,NA,NA,NA,NA,NA,NA,NA,NA,NA,NA,NA,NA,NA,NA,NA,NA,NA,NA,NA,NA,NA,NA,NA,NA,NA,NA,NA,NA,NA,NA,NA,NA,NA,NA,NA,,NA,NA,,NA,NA,NA,NA,NA,NA,NA,NA,NA,NA,NA,NA,NA,NA,NA,NA,NA
WG0124,stream_gauge,2021-05-13T03:05:00Z,132,2021,0.5,17.3,NA,72.6,7.7,6.252,537.53027,26.9005,65.36,0,0.826184,0,0.04,0.015,6.969779,0,0.055893,0.025,0.071294,5e-4,0.011334,13.530345,0,0.25,0.352566,0.005,0.624248,0.877299,0.07428,0.92,1.35,0.07,5.33,0.91,-0.82,-0.03,0.04,5.41,7.83,0.02,454,325,436,240,0.02,0.05,0.42,NA,NA,NA,NA,NA,,NA,NA,,NA,NA,NA,NA,NA,NA,NA,NA,NA,NA,NA,NA,NA,NA,NA,NA,NA
WG0125,glacier_1,2021-05-13T19:40:00Z,133,2021,0,NA,NA,10.1,8.19,6.225,517.74682,25.9104,68.52,0,0.797237,0,0.03,0.015,9.241592,0,0.038897,0.025,0.025,0.002393,0.005,13.950294,0.025,0.25,0.433606,0.005,0.687658,0.751841,0.064426,0.25,1.66,0.02,0.3,1.34,-34.63,-0.01,0,1.48,1.85,0,436,310,436,240,0,0,0.17,NA,NA,NA,NA,NA,,NA,NA,,NA,NA,NA,NA,NA,NA,NA,NA,NA,NA,NA,NA,NA,NA,NA,NA,NA
WG0125_replicate,glacier_1,2021-05-13T19:40:00Z,133,2021,NA,NA,NA,NA,NA,NA,NA,NA,NA,NA,NA,NA,NA,NA,NA,NA,NA,NA,NA,NA,0.005,14.225339,0.025,0.25,0.444885,0,0.721451,0.775647,0.066097,NA,NA,NA,NA,NA,NA,NA,NA,NA,NA,NA,NA,NA,NA,NA,NA,NA,NA,NA,NA,NA,NA,NA,,NA,NA,,NA,NA,NA,NA,NA,NA,NA,NA,NA,NA,NA,NA,NA,NA,NA,NA,NA
WG0126,glacier_2,2021-05-13T20:40:00Z,133,2021,NA,NA,NA,NA,NA,6.271,609.34132,30.4942,75.39,0,0.776763,0,0.02,0.015,8.733854,0,0.031359,0,0.025,0.001012,0.005,15.20947,0.025,0.25,0.473262,0.005,0.650353,0.946611,0.070262,0.67,1.47,0.05,1.13,0.31,-22.21,-0.18,0.01,2.02,2.87,0.07,402,300,431,240,0.01,0.01,0.77,NA,NA,NA,NA,NA,,NA,NA,,NA,NA,NA,NA,NA,NA,NA,NA,NA,NA,NA,NA,NA,NA,NA,NA,NA
WG0127,tundra,2021-05-14T01:15:00Z,133,2021,NA,NA,NA,NA,NA,6.191,360.84906,18.0585,42.6,0,0.698906,0,0.01,0.015,2.92032,0,0.008392,0.025,0.025,0.001897,0.005,8.583586,0,0.25,0.223797,0.005,0.646436,1.185417,0.054999,0.89,1.31,0.03,5.57,0.96,-23.25,-0.17,0.01,0.32,0.48,0.02,458,320,456,240,0.02,0.05,0.42,NA,NA,NA,NA,NA,,NA,NA,,NA,NA,NA,NA,NA,NA,NA,NA,NA,NA,NA,NA,NA,NA,NA,NA,NA
WG0128,glacier_1,2021-05-14T16:20:00Z,134,2021,0,NA,NA,17,8.17,6.228,503.37878,25.1914,67.75,0,0.815811,0,0.03,0.015,8.948013,0,0.03286,0.025,0.050789,0.00258,0.005,13.500064,0,0.25,0.417564,0,0.656162,0.735253,0.062541,0.25,1.2,0.07,0.5,0.77,1.45,-0.02,-0.02,1.06,1.41,0.01,428,315,404,240,0,0,0.6,NA,NA,NA,NA,NA,,NA,NA,,NA,NA,NA,NA,NA,NA,NA,NA,NA,NA,NA,NA,NA,NA,NA,NA,NA
WG0128_replicate,glacier_1,2021-05-14T16:20:00Z,134,2021,NA,NA,NA,NA,NA,NA,NA,NA,NA,0,0.813116,0,0.03,0.015,8.935889,NA,NA,NA,NA,NA,NA,NA,NA,NA,NA,NA,NA,NA,NA,0.25,NA,NA,NA,NA,NA,NA,NA,NA,NA,NA,NA,NA,NA,NA,NA,NA,NA,NA,NA,NA,NA,NA,,NA,NA,,NA,NA,NA,NA,NA,NA,NA,NA,NA,NA,NA,NA,NA,NA,NA,NA,NA
WG0129,stream_gauge,2021-06-04T19:47:00Z,155,2021,1.2,NA,NA,49.5,7.28,6.126,307.36594,15.382,48.49,0,0.605264,0.005,0.01,0.015,7.233497,0,0.008739,0.025,0.025,0.002824,0.024698,8.781774,0.025,0.25,0.296772,0,0.487609,0.514582,0.049152,0.53,NA,NA,NA,NA,NA,NA,NA,NA,NA,NA,NA,NA,NA,NA,NA,NA,NA,-138.32,-19.18,NA,NA,NA,,NA,NA,,NA,NA,NA,NA,NA,NA,NA,NA,NA,NA,NA,NA,NA,NA,NA,NA,NA
WG0130,shrub_creek,2021-06-04T20:00:00Z,155,2021,2.8,13.3,NA,32.1,7.74,6.114,272.66355,13.6453,31.78,0.005,0.322204,0.005,0.05,0.015,1.890219,0,0.047619,0.025,0.070649,5e-4,0.005,6.3775,0,0.25,0.154975,0,0.358022,0.884122,0.032246,0.87,1.32,0.04,7.03,0.96,-6.62,-0.07,0.01,0.08,0.08,0.01,452,330,441,240,0.02,0.06,0.37,-137.45,-18.77,NA,NA,NA,,NA,NA,,NA,NA,NA,NA,NA,NA,NA,NA,NA,NA,NA,NA,NA,NA,NA,NA,NA
WG0131,tundra,2021-06-04T22:32:00Z,155,2021,1.3,13.5,NA,21.6,7.32,6.002,161.58786,8.0866,21.49,0.005,0.603811,0.005,0.01,0.015,1.608809,0,0,0.025,0.025,0.001601,0.005,3.96051,0,0.25,0.121408,0,0.392842,0.550566,0.024957,0.54,1.3,0.06,4.22,0.9,-0.81,-0.03,0.04,0.24,0.25,0.01,456,327.5,454,240,0.01,0.04,0.4,-133.7,-18.04,NA,NA,NA,,NA,NA,,NA,NA,NA,NA,NA,NA,NA,NA,NA,NA,NA,NA,NA,NA,NA,NA,NA
WG0132,glacier_1,2021-06-05T00:26:00Z,155,2021,NA,NA,NA,NA,NA,6.111,303.85064,15.2061,59.9,0.005,0.816893,0.005,0.02,0.015,12.425304,0,0.020607,0.025,0.068911,0.002359,0.005,10.949212,0,0.25,0.472585,0.005,0.70715,0.431625,0.060276,0.25,2.45,0,0.31,0.73,NA,NA,0.01,0.51,0.52,0,430,325,458,240,0,0,0.4,-144.02,-20.12,NA,NA,NA,,NA,NA,,NA,NA,NA,NA,NA,NA,NA,NA,NA,NA,NA,NA,NA,NA,NA,NA,NA
WG0132_replicate,glacier_1,2021-06-05T00:26:00Z,155,2021,NA,NA,NA,NA,NA,NA,NA,NA,NA,NA,NA,NA,NA,NA,NA,0,NA,0.025,0.025,0.002866,NA,NA,NA,NA,NA,NA,NA,NA,NA,NA,NA,NA,NA,NA,NA,NA,NA,NA,NA,NA,NA,NA,NA,NA,NA,NA,NA,NA,NA,NA,NA,NA,,NA,NA,,NA,NA,NA,NA,NA,NA,NA,NA,NA,NA,NA,NA,NA,NA,NA,NA,NA
WG0133,forest,2021-06-05T01:30:00Z,155,2021,3.4,NA,NA,30.79,NA,6.187,258.9183,12.9574,31.54,0.005,0.556364,0.005,0.01,0.015,1.276406,0,0,0.025,0.025,5e-4,0.025039,5.690948,0,0.25,0.217312,0,0.509529,0.915711,0.033785,1.16,1.29,0.02,11.64,0.89,NA,NA,0.01,1.02,1.19,0.04,456,325,440,240,0.04,0.1,0.36,-116.85,-16.06,NA,NA,NA,,NA,NA,,NA,NA,NA,NA,NA,NA,NA,NA,NA,NA,NA,NA,NA,NA,NA,NA,NA
WG0134,nellie_juan,2021-06-05T01:45:00Z,155,2021,5.1,NA,NA,47.84,NA,6.131,326.68588,16.3488,46.85,0.005,0.598941,0.005,0.04,0.015,5.744372,0,0.031407,0.025,0.062033,0.00268,0.017939,8.680011,0.025,0.25,0.443135,0.005,0.586551,0.853915,0.050165,0.25,1.25,-0.01,3.66,0.83,7.47,0.02,0,5.84,8.92,0.01,459,325,430,240,0.01,0.03,0.44,-125.74,-17.18,NA,NA,NA,,NA,NA,,NA,NA,NA,NA,NA,NA,NA,NA,NA,NA,NA,NA,NA,NA,NA,NA,NA
WG0134_replicate,nellie_juan,2021-06-05T01:45:00Z,155,2021,NA,NA,NA,NA,NA,NA,NA,NA,NA,NA,NA,NA,NA,NA,NA,NA,NA,NA,NA,NA,0.017865,8.49508,0.025,0.25,0.420003,0.005,0.573264,0.813793,0.047777,NA,NA,NA,NA,NA,NA,NA,NA,NA,NA,NA,NA,NA,NA,NA,NA,NA,NA,NA,NA,NA,NA,NA,,NA,NA,,NA,NA,NA,NA,NA,NA,NA,NA,NA,NA,NA,NA,NA,NA,NA,NA,NA
WG0139,precip_tundra,2021-07-01T20:00:00Z,182,2021,NA,NA,NA,4.3,NA,5.645,21.7267,1.0873,5.24,0.005,0.16041,0.005,0.04,0.015,0.261978,NA,NA,NA,NA,5e-4,0.005,0.063803,0,0,0.025,0.005,0.05,0,0.005,1.98,1.31,0.01,0.23,0.36,16.76,0.07,0,0.1,0.11,0.02,410,300,410,240,0.03,0.06,0.45,-133.09,-16.84,NA,NA,NA,,NA,NA,,NA,NA,NA,NA,NA,NA,NA,NA,NA,NA,NA,NA,NA,NA,NA,NA,NA
WG0139_replicate,precip_tundra,2021-07-01T20:00:00Z,182,2021,NA,NA,NA,NA,NA,NA,NA,NA,NA,NA,NA,NA,NA,NA,NA,NA,NA,NA,NA,0.001339,NA,NA,NA,NA,NA,NA,NA,NA,NA,NA,NA,NA,NA,NA,NA,NA,NA,NA,NA,NA,NA,NA,NA,NA,NA,NA,NA,NA,NA,NA,NA,NA,,NA,NA,,NA,NA,NA,NA,NA,NA,NA,NA,NA,NA,NA,NA,NA,NA,NA,NA,NA
WG0140,precip_wx990,2021-07-01T20:00:00Z,182,2021,NA,NA,NA,4.2,NA,5.465,15.21614,0.7615,4.74,0.005,0.414707,0.005,0.06,0.03,1.098703,NA,NA,NA,NA,0.001788,0.005,0.20041,0,0.25,0.025,0.005,0.15709,0.025,0.005,3,1.54,0.02,0.32,0.46,43.1,0.06,0,0,0.09,0.02,408,300,422,240,0.04,0.11,0.4,-145.41,-18.3,NA,NA,NA,,NA,NA,,NA,NA,NA,NA,NA,NA,NA,NA,NA,NA,NA,NA,NA,NA,NA,NA,NA
WG0135,glacier_1,2021-07-01T20:15:00Z,182,2021,-0.1,NA,NA,23.8,NA,5.987,131.19266,6.5655,23.8,0.005,0.481305,0.005,0.02,0.015,3.571868,NA,NA,NA,NA,0.001372,0.013737,3.82838,0.025,0.25,0.209349,0.005,0.366377,0.151912,0.019603,0.53,1.55,0.02,0.12,0.61,-15.22,-0.16,0.01,1.28,1.72,0,400,300,451,240,0,0,0.43,-133.83,-18.42,NA,NA,NA,,NA,NA,,NA,NA,NA,NA,NA,NA,NA,NA,NA,NA,NA,NA,NA,NA,NA,NA,NA
WG0136,tundra,2021-07-01T22:30:00Z,182,2021,5.1,12,NA,13.9,6.96,5.931,112.60794,5.6354,14.44,0.005,0.191689,0.005,0.01,0.015,1.035642,NA,NA,NA,NA,5e-4,0.005,2.604692,0,0,0.073461,0.005,0.213314,0.403258,0.017062,0.25,1.41,0.04,1.15,0.79,1.57,-0.02,-0.01,0.12,0.12,0.01,444,330,441,240,0.01,0.01,0.49,-123.1,-16.67,NA,NA,NA,,NA,NA,,NA,NA,NA,NA,NA,NA,NA,NA,NA,NA,NA,NA,NA,NA,NA,NA,NA
WG0136_replicate,tundra,2021-07-01T22:30:00Z,182,2021,NA,NA,NA,NA,NA,NA,NA,NA,NA,0.005,0.193043,0,0.01,0.015,1.034143,NA,NA,NA,NA,NA,NA,NA,NA,NA,NA,NA,NA,NA,NA,NA,NA,NA,NA,NA,NA,NA,NA,NA,NA,NA,NA,NA,NA,NA,NA,NA,NA,NA,NA,NA,NA,NA,,NA,NA,,NA,NA,NA,NA,NA,NA,NA,NA,NA,NA,NA,NA,NA,NA,NA,NA,NA
WG0137,forest,2021-07-02T01:30:00Z,182,2021,8.1,11.9,NA,35.6,7.46,6.113,326.03687,16.3164,35.51,0.011793,0.400883,0.005,0.01,0.015,1.669361,NA,NA,NA,NA,0.002141,0.012958,6.620208,0,0.25,0.223128,0.005,0.463366,0.920698,0.040265,0.72,1.26,0.1,2.91,0.56,1.09,-0.02,-0.02,0.1,0.12,0.04,458,300,454,240,0.02,0.06,0.36,-110.2,-15.21,NA,NA,NA,,NA,NA,,NA,NA,NA,NA,NA,NA,NA,NA,NA,NA,NA,NA,NA,NA,NA,NA,NA
WG0138,nellie_juan,2021-07-02T02:10:00Z,182,2021,7.2,13.6,NA,40.1,7.48,6.096,264.02794,13.2132,38.72,0.012173,0.385584,0.005,0.02,0.015,5.077154,NA,NA,NA,NA,0.001755,0.005,6.856719,0,0.25,0.365675,0.005,0.432741,0.506504,0.041041,0.25,1.25,0.01,0.77,0.82,1.15,-0.02,-0.02,0.04,0.08,0.01,442,300,434,240,0,0.01,0.42,-122.07,-16.82,NA,NA,NA,,NA,NA,,NA,NA,NA,NA,NA,NA,NA,NA,NA,NA,NA,NA,NA,NA,NA,NA,NA
WG0146,precip_stream_gauge,2021-09-07T20:00:00Z,250,2021,NA,NA,NA,4.4,NA,5.306,5.44218,0.2724,4.55,0,0.152839,0.053391,0.01,0.015,0.232761,0,0,0,0.025,0.00228,0.005,0.058083,0,0,0.025,0.005,0.05,0,0.005,3.32,1.73,0.12,1.35,0.42,2.79,-0.05,-0.02,0.27,0.38,0.03,414,300,408,240,0.02,0.05,0.38,-132.82,-17.19,NA,NA,NA,,NA,NA,,NA,NA,NA,NA,NA,NA,NA,NA,NA,NA,NA,NA,NA,NA,NA,NA,NA
WG0147,precip_wx990,2021-09-07T20:00:00Z,250,2021,9.6,NA,NA,6.3,NA,4.971,-5.2362,-0.262,6.42,0.020285,0.313124,0.052751,0.05,0.015,0.349133,0.005,0.036192,0.025,0.076263,5e-4,0.005,0.025,0.025,0,0.025,0.005,0.05,0,0.005,1.93,1.28,0.08,0.3,0.55,0.91,-0.04,-0.04,0,0.08,0.01,415,300,421,240,0.03,0.1,0.36,-121.01,-16.32,NA,NA,NA,,NA,NA,,NA,NA,NA,NA,NA,NA,NA,NA,NA,NA,NA,NA,NA,NA,NA,NA,NA
WG0147_replicate,precip_wx990,2021-09-07T20:00:00Z,250,2021,NA,NA,NA,NA,NA,NA,NA,NA,NA,0,0.134798,0.0547,0.05,0.015,0.355784,NA,NA,NA,NA,NA,NA,NA,NA,NA,NA,NA,NA,NA,NA,1.86,NA,NA,NA,NA,NA,NA,NA,NA,NA,NA,NA,NA,NA,NA,NA,NA,NA,NA,NA,NA,NA,NA,,NA,NA,,NA,NA,NA,NA,NA,NA,NA,NA,NA,NA,NA,NA,NA,NA,NA,NA,NA
WG0148,precip_tundra,2021-09-07T20:00:00Z,250,2021,NA,NA,NA,NA,NA,NA,NA,NA,NA,NA,NA,NA,NA,NA,NA,NA,NA,NA,NA,NA,NA,NA,NA,NA,NA,NA,NA,NA,NA,NA,NA,NA,NA,NA,NA,NA,NA,NA,NA,NA,NA,NA,NA,NA,NA,NA,NA,NA,NA,NA,NA,NA,,NA,NA,,NA,NA,NA,NA,NA,NA,NA,NA,NA,NA,NA,NA,NA,NA,NA,NA,NA
WG0141,nellie_juan,2021-09-07T20:05:00Z,250,2021,NA,NA,NA,NA,NA,6.086,264.10704,13.2171,41.75,0.005,0.251507,0,0.01,0.015,6.973896,0,0.002497,0.025,0.025,0.001956,0.005,8.194023,0,0.25,0.466643,0.005,0.440443,0.501214,0.051174,0.25,1.4,0.01,0.53,0.83,1.05,-0.02,-0.02,0.3,0.56,0,436,315,456,240,0,0.01,0.41,-120.06,-16.33,NA,NA,NA,,NA,NA,,NA,NA,NA,NA,NA,NA,NA,NA,NA,NA,NA,NA,NA,NA,NA,NA,NA
WG0142,forest,2021-09-07T22:10:00Z,250,2021,NA,NA,NA,NA,NA,6.496,560.98131,28.0741,59.27,0.011881,0.526797,0.046999,0.01,0.015,2.472534,0,0,0.025,0.025,0.002595,0.020906,11.925385,0,0.25,0.412513,0.005,0.824373,1.587409,0.073929,1.22,1.34,0.07,7.13,0.91,NA,-0.02,NA,0.23,0.31,0.03,444,320,441,240,0.03,0.09,0.4,-111.76,-15.27,NA,NA,NA,,NA,NA,,NA,NA,NA,NA,NA,NA,NA,NA,NA,NA,NA,NA,NA,NA,NA,NA,NA
WG0143,shrub_creek,2021-09-08T00:01:00Z,250,2021,9.6,10.9,NA,60,7.6,6.875,518.05158,25.9257,61.16,0.005,0.149635,0.043756,0.01,0.015,4.297097,0,0.014199,0.025,0.025,0.003868,0.005,12.200477,0,0,0.260669,0,0.575317,1.273158,0.06456,0.71,1.47,0.08,4.35,0.93,0.81,-0.02,-0.02,0.17,0.33,0.02,452,322.5,434,240,0.03,0.06,0.46,-123.06,-16.08,NA,NA,NA,,NA,NA,,NA,NA,NA,NA,NA,NA,NA,NA,NA,NA,NA,NA,NA,NA,NA,NA,NA
WG0143_replicate,shrub_creek,2021-09-08T00:01:00Z,250,2021,NA,NA,NA,NA,NA,NA,NA,NA,NA,NA,NA,NA,NA,NA,NA,NA,0.014534,NA,NA,NA,0.005,12.129118,0,0,0.257755,0,0.572338,1.285229,0.063939,NA,NA,NA,NA,NA,NA,NA,NA,NA,NA,NA,NA,NA,NA,NA,NA,NA,NA,NA,NA,NA,NA,NA,,NA,NA,,NA,NA,NA,NA,NA,NA,NA,NA,NA,NA,NA,NA,NA,NA,NA,NA,NA
WG0144,stream_gauge,2021-09-08T01:00:00Z,250,2021,1.8,14.3,NA,26.6,7.17,5.954,78.7472,3.9409,13.62,0,0.086564,0.049587,0.01,0.015,4.214425,0,0,0.025,0.025,0.001418,0.005,4.387128,0,0.25,0.20509,0.005,0.157365,0.142485,0.02355,0.25,1.56,0.01,0.33,0.51,1.43,-0.02,-0.01,1.05,1.41,0.01,414,300,421,240,0,0,0.71,-124.62,-16.96,NA,NA,NA,,NA,NA,,NA,NA,NA,NA,NA,NA,NA,NA,NA,NA,NA,NA,NA,NA,NA,NA,NA
WG0145,glacier_2,2021-09-08T18:40:00Z,251,2021,0.9,12.4,NA,20.6,7.2,5.996,162.28956,8.1217,20.99,0,0.035092,0.048228,0.01,0.015,1.877347,0,0,0.025,0.025,NA,0.005,3.994859,0,0,0.100822,0.005,0.11032,0.268446,0.016744,0.25,1.27,0.01,0.19,0.55,1.38,-0.02,-0.01,0.88,1.08,0.01,438,325,434,240,0,0,0.49,-123.83,-16.6,NA,NA,NA,,NA,NA,,NA,NA,NA,NA,NA,NA,NA,NA,NA,NA,NA,NA,NA,NA,NA,NA,NA
WG0105,glacier_2,2021-09-11T03:05:00Z,253,2021,2.5,12.5,NA,41.1,7.61,5.821,311.30723,15.5792,37.87,NA,NA,NA,NA,NA,NA,NA,NA,NA,NA,NA,0.005,7.139361,0.025,0.25,0.204586,0.005,0.327791,0.528117,0.035025,0.25,1.67,0.04,5.06,0.27,10.9,-0.01,0,2.63,3.72,0.33,402,315,428,240,0.05,0.05,0.94,-121.75,-16.39,NA,NA,NA,,NA,NA,,NA,NA,NA,NA,NA,NA,NA,NA,NA,NA,NA,NA,NA,NA,NA,NA,NA
WG0149,nellie_juan,2021-09-27T00:05:00Z,269,2021,4.6,13.6,NA,69,7.6,6.179,455.1567,22.7781,67.42,0.005,0.592077,0.005,0.06,0.015,9.358229,0,0.044445,0.025,0.052133,0.002029,0.012367,12.262861,0.025,0.25,0.637069,0.005,0.686447,1.01612,0.073828,0.64,1.3,0.02,2.91,0.86,-11.09,-0.08,0.01,1.26,1.7,0.02,454,320,426,240,0.02,0.04,0.55,NA,NA,NA,NA,NA,,NA,NA,,NA,NA,NA,NA,NA,NA,NA,NA,NA,NA,NA,NA,NA,NA,NA,NA,NA
WG0149_replicate,nellie_juan,2021-09-27T00:05:00Z,269,2021,NA,NA,NA,NA,NA,NA,NA,NA,NA,0,0.604183,0,0.05,0.015,9.334552,0,NA,0.025,0.025,NA,NA,NA,NA,NA,NA,NA,NA,NA,NA,NA,NA,NA,NA,NA,NA,NA,NA,NA,NA,NA,NA,NA,NA,NA,NA,NA,NA,NA,NA,NA,NA,NA,,NA,NA,,NA,NA,NA,NA,NA,NA,NA,NA,NA,NA,NA,NA,NA,NA,NA,NA,NA
WG0150,forest,2021-09-27T01:48:00Z,269,2021,5,12.5,NA,49.7,7.48,6.235,474.08257,23.7252,52.34,0.005,0.727873,0,0,0.015,1.94984,0,0,0.025,0.025,0.002298,0.032693,10.076067,0.025,0.25,0.376039,0.005,0.785761,1.673339,0.06309,1.98,1.34,0.08,10.02,0.88,-2.16,-0.04,0.02,0.24,0.28,0.08,456,320,435,240,0.08,0.13,0.64,-111.05,-15.16,NA,NA,NA,,NA,NA,,NA,NA,NA,NA,NA,NA,NA,NA,NA,NA,NA,NA,NA,NA,NA,NA,NA
WG0161,precip_wx990,2021-09-27T20:00:00Z,270,2021,7.9,NA,NA,4.7,NA,5.393,5.27763,0.2641,5.47,0,0.713934,0,0.02,0.015,0.202237,0,0.010169,0.025,0.025,0.002222,0,0.025,0,0,0.025,0.005,0.266811,0,0.005,0.25,0.92,0.04,0.19,0.39,3.76,-0.03,-0.01,0.56,0.5,0.02,408,300,421,240,0.01,0.02,0.41,NA,NA,NA,NA,NA,,NA,NA,,NA,NA,NA,NA,NA,NA,NA,NA,NA,NA,NA,NA,NA,NA,NA,NA,NA
WG0161_replicate,precip_wx990,2021-09-27T20:00:00Z,270,2021,NA,NA,NA,NA,NA,NA,NA,NA,NA,NA,NA,NA,NA,NA,NA,NA,NA,NA,NA,0.001861,0,0.025,0,0,0.025,0.005,0.277776,0,0.005,NA,NA,NA,NA,NA,NA,NA,NA,NA,NA,NA,NA,NA,NA,NA,NA,NA,NA,NA,NA,NA,NA,NA,,NA,NA,,NA,NA,NA,NA,NA,NA,NA,NA,NA,NA,NA,NA,NA,NA,NA,NA,NA
WG0151,glacier_1,2021-09-27T20:06:00Z,270,2021,0.1,NA,NA,97.12,NA,6.382,963.59447,48.2226,114.84,0,0.285077,0.005,0.01,0.015,11.49023,0,0,0.025,0,0.002538,0.005,21.444479,0,0.25,1.106734,0,0.641695,1.147805,0.083904,0.25,1.17,0.03,0.26,0.51,-1.99,-0.04,0.02,0.03,0.02,0,438,315,416,240,0,0,0.63,-127.12,-16.86,NA,NA,NA,,NA,NA,,NA,NA,NA,NA,NA,NA,NA,NA,NA,NA,NA,NA,NA,NA,NA,NA,NA
WG0151_replicate,glacier_1,2021-09-27T20:06:00Z,270,2021,NA,NA,NA,NA,NA,NA,NA,NA,NA,NA,NA,NA,NA,NA,NA,NA,NA,NA,NA,0.001944,NA,NA,NA,NA,NA,NA,NA,NA,NA,NA,NA,NA,NA,NA,NA,NA,NA,NA,NA,NA,NA,NA,NA,NA,NA,NA,NA,NA,NA,NA,NA,NA,,NA,NA,,NA,NA,NA,NA,NA,NA,NA,NA,NA,NA,NA,NA,NA,NA,NA,NA,NA
WG0158,cabin_stream,2021-09-28T00:02:00Z,270,2021,1.8,NA,NA,60.3,NA,6.245,500.90703,25.0677,59.43,0.005,0.320093,0.005,0.01,0.015,4.438048,0,0,0.025,0.025,0.001875,0.005,11.531163,0,0.25,0.370638,0.005,0.492219,1.270725,0.059238,0.25,1.45,0.05,2.28,0.24,0.67,-0.01,-0.02,0.06,0.88,0.62,400,302.5,400,242.5,0.39,0.09,4.25,NA,NA,NA,NA,NA,,NA,NA,,NA,NA,NA,NA,NA,NA,NA,NA,NA,NA,NA,NA,NA,NA,NA,NA,NA
WG0158_replicate,cabin_stream,2021-09-28T00:02:00Z,270,2021,NA,NA,NA,NA,NA,NA,NA,NA,NA,NA,NA,NA,NA,NA,NA,NA,NA,NA,NA,NA,NA,NA,NA,NA,NA,NA,NA,NA,NA,0.25,NA,NA,NA,NA,NA,NA,NA,NA,NA,NA,NA,NA,NA,NA,NA,NA,NA,NA,NA,NA,NA,NA,,NA,NA,,NA,NA,NA,NA,NA,NA,NA,NA,NA,NA,NA,NA,NA,NA,NA,NA,NA
WG0159,precip_tundra,2021-09-28T20:00:00Z,271,2021,NA,NA,NA,NA,NA,5.637,6.466,0.3236,6.42,0.005,0.841505,0.005,0.02,0.015,0.29772,0.005,0.015297,0.025,0.025,0.001928,0,0.025,0,0,0.055416,0.005,0.316236,0,0.005,0.25,1.95,0.03,0.24,0.4,-4.37,-0.06,0.01,0.11,0.18,0.02,410,300,418,240,0.02,0.04,0.55,NA,NA,NA,NA,NA,,NA,NA,,NA,NA,NA,NA,NA,NA,NA,NA,NA,NA,NA,NA,NA,NA,NA,NA,NA
WG0159_replicate,precip_tundra,2021-09-28T20:00:00Z,271,2021,NA,NA,NA,NA,NA,NA,NA,NA,NA,0.005,0.835593,0,0.02,0.015,0.308968,0.005,NA,0.025,0.025,NA,NA,NA,NA,NA,NA,NA,NA,NA,NA,NA,NA,NA,NA,NA,NA,NA,NA,NA,NA,NA,NA,NA,NA,NA,NA,NA,NA,NA,NA,NA,NA,NA,,NA,NA,,NA,NA,NA,NA,NA,NA,NA,NA,NA,NA,NA,NA,NA,NA,NA,NA,NA
WG0156,nt_groundwater,2021-09-28T21:12:00Z,271,2021,5.8,NA,NA,123,NA,6.412,1003.13043,50.2012,127.29,0,0.439067,0.005,0.01,0.015,14.664275,0,0.003908,0.025,0.025,0.002109,0.005,24.481761,0,0.25,0.455861,0,0.645568,1.325244,0.177953,0.25,1.56,0.01,0.62,0.28,0.89,-0.02,-0.02,0.06,0.17,0.12,400,302.5,400,240,0.08,0.02,4.09,NA,NA,NA,NA,NA,,NA,NA,,NA,NA,NA,NA,NA,NA,NA,NA,NA,NA,NA,NA,NA,NA,NA,NA,NA
WG0155,terminus,2021-09-28T22:03:00Z,271,2021,0.9,NA,NA,62.1,NA,6.138,322.23489,16.1261,61.08,0,0.252688,0.005,0.01,0.015,11.430275,0,0.007529,0.025,0.025,0.0022,0.005,10.535704,0,0.25,0.51820600000000006,0,0.450996,0.378351,0.061425,0.25,1.54,0.02,0.44,0.08,1.34,-0.01,-0.01,0.47,0.64,0.45,400,302.5,400,240,0.28,0.05,5.51,-127.79,-17.44,NA,NA,NA,,NA,NA,,NA,NA,NA,NA,NA,NA,NA,NA,NA,NA,NA,NA,NA,NA,NA,NA,NA
WG0152,tundra,2021-09-28T23:14:00Z,271,2021,0.5,14,NA,36.2,7.51,6.153,293.5759,14.6919,37.61,0.005,0.300499,0.005,0.01,0.015,2.878725,0,0,0.025,0.025,0.002886,0.005,6.676836,0,0,0.17501,0.005,0.473338,0.941848,0.042847,0.52,1.28,0.05,1.75,0.63,0.99,-0.02,-0.02,0.11,0.14,0.08,400,300,420,240,0.06,0.03,1.82,NA,NA,NA,NA,NA,,NA,NA,,NA,NA,NA,NA,NA,NA,NA,NA,NA,NA,NA,NA,NA,NA,NA,NA,NA
WG0152_replicate,tundra,2021-09-28T23:14:00Z,271,2021,NA,NA,NA,NA,NA,NA,NA,NA,NA,NA,NA,NA,NA,NA,NA,NA,NA,NA,NA,NA,0.005,6.727312,0,0.25,0.174861,0,0.467582,0.949805,0.042721,NA,NA,NA,NA,NA,NA,NA,NA,NA,NA,NA,NA,NA,NA,NA,NA,NA,NA,NA,NA,NA,NA,NA,,NA,NA,,NA,NA,NA,NA,NA,NA,NA,NA,NA,NA,NA,NA,NA,NA,NA,NA,NA
WG0157,lake_inlet,2021-09-29T02:16:00Z,271,2021,1.7,NA,NA,48.3,NA,6.239,440.06791,22.023,52.55,0.005,0.329841,0.005,0.01,0.015,3.242646,0,0,0.025,0.025,0.001997,0.005,9.688299,0,0.25,0.194101,0,0.534014,1.545625,0.051875,0.69,1.38,0.08,3.6,0.88,0.86,-0.02,-0.02,0.12,0.14,0.04,444,315,444,240,0.04,0.06,0.64,-116.9,-15.34,NA,NA,NA,,NA,NA,,NA,NA,NA,NA,NA,NA,NA,NA,NA,NA,NA,NA,NA,NA,NA,NA,NA
WG0154,shrub_creek,2021-09-29T19:20:00Z,272,2021,1.7,14,NA,61.4,7.78,6.345,542.06033,27.1272,64.52,0.005,0.325835,0.005,0.05,0.015,4.027758,0,0.036584,0.025,0.063994,0.002521,0.005,12.475663,0,0.25,0.280776,0,0.553684,1.383686,0.06399,0.66,1.44,0.13,5.09,0.1,0.53,-0.01,-0.02,0.94,8.55,6.79,400,300,400,240,3.57,0.67,5.32,-117.75,-14.21,NA,NA,NA,,NA,NA,,NA,NA,NA,NA,NA,NA,NA,NA,NA,NA,NA,NA,NA,NA,NA,NA,NA
WG0154_replicate,shrub_creek,2021-09-29T19:20:00Z,272,2021,NA,NA,NA,NA,NA,NA,NA,NA,NA,NA,NA,NA,NA,NA,NA,NA,0.035234,NA,NA,NA,NA,NA,NA,NA,NA,NA,NA,NA,NA,NA,NA,NA,NA,NA,NA,NA,NA,NA,NA,NA,NA,NA,NA,NA,NA,NA,NA,NA,NA,NA,NA,NA,,NA,NA,,NA,NA,NA,NA,NA,NA,NA,NA,NA,NA,NA,NA,NA,NA,NA,NA,NA
WG0153,stream_gauge,2021-09-29T19:25:00Z,272,2021,0.6,13.5,NA,68,7.25,6.206,405.49513,20.2928,69.16,0,0.286508,0.005,0.01,0.015,12.08488,0,0.001,0.025,0.025,0.001884,0.005,12.142066,0,0.25,0.467958,0.005,0.436577,0.45045,0.067982,0.25,1.58,0.02,0.73,0.23,0.77,-0.02,-0.02,0.12,0.27,0.19,400,300,401,240,0.12,0.03,4.46,-126.29,-17.08,NA,NA,NA,,NA,NA,,NA,NA,NA,NA,NA,NA,NA,NA,NA,NA,NA,NA,NA,NA,NA,NA,NA
WG0160,precip_stream_gauge,2021-09-29T20:00:00Z,272,2021,6.6,NA,NA,3.3,NA,5.533,5.0885,0.2547,3.78,0,0.435241,0.005,0.01,0.015,0.167424,0,0,0.025,0.025,0.001719,0,0.025,0,0,0.025,0.005,0.154763,0,0.005,0.59,1.56,0.05,0.47,0.47,2.76,-0.03,-0.01,0.18,0.22,0.03,418,300,420,280,0.02,0.02,0.78,-118.49,-15.87,NA,NA,NA,,NA,NA,,NA,NA,NA,NA,NA,NA,NA,NA,NA,NA,NA,NA,NA,NA,NA,NA,NA
WG0162,shrub_creek,2021-10-25T19:00:00Z,298,2021,1.8,13.3,NA,50.7,7.47,6.268,448.9441,22.4672,48.13,0.01501,0.438031,0,0.17,0.015,2.88272,0,0.179385,0.025,0.199038,0.002008,0.011314,9.924613,0,0.25,0.230571,0,0.456162,1.408996,0.052172,1.15,1.38,0.02,8.35,0.96,-18.54,-0.13,0.01,0.09,0.1,0.02,450,327.5,456,240,0.04,0.09,0.4,-126.35,-16.85,-8.92,NA,NA,,NA,NA,,NA,NA,NA,NA,NA,NA,NA,NA,NA,NA,NA,NA,NA,NA,NA,NA,NA
WG0163,stream_gauge,2021-10-25T20:00:00Z,298,2021,1.3,12,NA,72.3,7.7,6.386,537.40648,26.8943,67.03,0.018804,0.341731,0,0.02,0.015,9.291146,0,0.002088,0.025,0,0.002738,0.012183,13.497433,0.025,0.25,0.369378,0.005,0.459847,0.762649,0.074358,0.25,1.37,0.02,2.61,0.89,-14.11,-0.12,0.01,1.86,2.57,0.01,447,315,452,240,0.01,0.03,0.43,-127.97,-17.2,-9.06,NA,NA,,NA,NA,,NA,NA,NA,NA,NA,NA,NA,NA,NA,NA,NA,NA,NA,NA,NA,NA,NA
WG0170,forest,2022-05-04T20:15:00Z,124,2022,1.1,14.1,NA,32.5,6.84,5.871,242.66145,12.1439,34.41,0,1.642342,0,0.07,0.015,1.218814,0,0,0.025,0.025,0.002911,0.056884,5.843962,0.025,0.25,0.270746,0.005,0.695289,1.157992,0.03597,2.61,1.27,0.1,20.72,0.95,0.26,-0.01,-0.06,0.51,0.84,0.04,460,335,458,240,0.06,0.19,0.33,-115.45,-15.82,-8.45,NA,NA,,NA,NA,,NA,NA,NA,NA,NA,NA,NA,NA,NA,NA,NA,NA,NA,NA,NA,NA,NA
WG0170_replicate,forest,2022-05-04T20:15:00Z,124,2022,NA,NA,NA,NA,NA,NA,NA,NA,NA,NA,NA,NA,NA,NA,NA,NA,0,NA,NA,NA,NA,NA,NA,NA,NA,NA,NA,NA,NA,NA,NA,NA,NA,NA,NA,NA,NA,NA,NA,NA,NA,NA,NA,NA,NA,NA,NA,NA,NA,NA,NA,NA,,NA,NA,,NA,NA,NA,NA,NA,NA,NA,NA,NA,NA,NA,NA,NA,NA,NA,NA,NA
WG0171,nellie_juan,2022-05-04T23:45:00Z,124,2022,1.4,14.8,NA,54,7.3,5.839,416.21622,20.8293,52.37,0,0.757398,0,0.19,0.015,4.752561,0,0.182896,0.025,0.209268,0.001542,0.032776,9.46406,0.025,0.25,0.435679,0.005,0.644679,1.1364,0.052229,1.89,1.3,0.05,10.52,0.94,NA,-0.02,NA,1.59,1.94,0.02,460,330,456,240,0.04,0.1,0.37,-119.66,-16.39,-8.68,NA,NA,,NA,NA,,NA,NA,NA,NA,NA,NA,NA,NA,NA,NA,NA,NA,NA,NA,NA,NA,NA
WG0184,stream_gauge,2022-05-10T21:50:00Z,130,2022,0.4,NA,NA,81.6,7.76,6.02,596.08802,29.831,72.65,0,0.456843,0,0.3,0.015,6.667899,0,0.318546,0.025,0.334677,0.00266,0.005,14.365198,0.025,0.25,0.361199,0,0.578301,0.946456,0.079364,0.7,1.38,0.03,7.73,0.58,1.07,-0.01,-0.01,1.24,1.4,0.27,400,302.5,430,240,0.19,0.09,2.09,-136,-18.26,-9.75,NA,NA,,NA,NA,,NA,NA,NA,NA,NA,NA,NA,NA,NA,NA,NA,NA,NA,NA,NA,NA,NA
WG0185,shrub_creek,2022-05-10T23:00:00Z,130,2022,1,NA,NA,54,7.6,6.056,501.81818,25.1133,59.5,0,0.380417,0,0.58,0.015,3.291294,0,0.608944,0.025,0.644132,0.002648,0.012022,11.89236,0.025,0.25,0.283134,0.005,0.564168,1.361756,0.06426,1.55,1.35,0.05,12.35,0.5,2.16,-0.01,0,0.34,0.91,0.61,400,302.5,405,240,0.44,0.17,2.66,-135.74,-18.35,-9.7,NA,NA,,NA,NA,,NA,NA,NA,NA,NA,NA,NA,NA,NA,NA,NA,NA,NA,NA,NA,NA,NA
WG0186,tundra,2022-05-11T21:00:00Z,131,2022,0.1,NA,NA,49.94,NA,6.072,427.57794,21.3979,48.86,0,0.464491,0,0.04,0.015,3.636882,0,0.012552,0.025,0.025,0.002136,0.005,9.462802,0,0.25,0.23781,0,0.699559,1.410401,0.059568,0.54,1.37,0.01,3.89,0.77,5.82,0.02,0,0.38,0.36,0.04,440,320,460,240,0.03,0.04,0.74,-121.84,-16.27,-8.52,NA,NA,,NA,NA,,NA,NA,NA,NA,NA,NA,NA,NA,NA,NA,NA,NA,NA,NA,NA,NA,NA
WG0187,shrub_creek,2022-06-25T19:45:00Z,176,2022,5.1,NA,98.6,24.7,7.33,5.954,231.27188,11.5739,28.82,0.005,0.368066,0,0.01,0.015,1.868731,0,0,0.025,0.025,5e-4,0.005,4.936259,0.025,0.25,0.151964,0.005,0.314901,0.710446,0.024666,0.95,1.33,0.03,3.1,0.87,0.87,0,0,0.15,0.23,0.02,448,320,440,240,0.01,0.03,0.4,-134.84,-18.2,-9.61,NA,NA,,NA,NA,,NA,NA,NA,NA,NA,NA,NA,NA,NA,NA,NA,NA,NA,NA,NA,NA,NA
WG0188,stream_gauge,2022-06-25T21:10:00Z,176,2022,2.2,13.8,NA,26,7.24,5.846,193.43494,9.6804,27.59,0.005,0.432309,0,0.01,0.015,3.468809,0,0.005954,0.025,0.025,0.004463,0.039704,4.915288,0.025,0.25,0.210144,0.005,0.232398,0.289484,0.025251,0.73,1.26,0.02,1.8,0.54,1.63,-0.02,-0.01,1.61,2.36,0.04,420,315,434,240,0.01,0.02,0.64,-137.25,-18.84,-9.88,NA,NA,,NA,NA,,NA,NA,NA,NA,NA,NA,NA,NA,NA,NA,NA,NA,NA,NA,NA,NA,NA
WG0188_replicate,stream_gauge,2022-06-25T21:10:00Z,176,2022,NA,NA,NA,NA,NA,NA,NA,NA,NA,NA,NA,NA,NA,NA,NA,NA,NA,NA,NA,NA,0.041424,4.895957,0.025,0.25,0.213137,0.005,0.22909,0.299086,0.025278,NA,NA,NA,NA,NA,NA,NA,NA,NA,NA,NA,NA,NA,NA,NA,NA,NA,NA,NA,NA,NA,NA,NA,,NA,NA,,NA,NA,NA,NA,NA,NA,NA,NA,NA,NA,NA,NA,NA,NA,NA,NA,NA
WG0192,precip_stream_gauge,2022-06-25T21:15:00Z,176,2022,NA,NA,NA,11.1,NA,NA,NA,NA,NA,0.070009,2.141953,0,0.07,0.015,0.70011,0.198653,0.066698,0.0501,0.675763,5e-4,0.005,1.018215,0.025,0.558965,0.103646,0.063821,0.505189,0.025,0.005,3.64,NA,NA,NA,NA,NA,NA,NA,NA,NA,NA,NA,NA,NA,NA,NA,NA,NA,-89.27,-12.01,-6.26,NA,NA,,NA,NA,,NA,NA,NA,NA,NA,NA,NA,NA,NA,NA,NA,NA,NA,NA,NA,NA,NA
WG0192_replicate,precip_stream_gauge,2022-06-25T21:15:00Z,176,2022,NA,NA,NA,NA,NA,NA,NA,NA,NA,NA,NA,NA,NA,NA,NA,NA,NA,NA,NA,NA,NA,NA,NA,NA,NA,NA,NA,NA,NA,3.93,NA,NA,NA,NA,NA,NA,NA,NA,NA,NA,NA,NA,NA,NA,NA,NA,NA,NA,NA,NA,NA,NA,,NA,NA,,NA,NA,NA,NA,NA,NA,NA,NA,NA,NA,NA,NA,NA,NA,NA,NA,NA
WG0189,forest,2022-07-06T18:45:00Z,187,2022,8,12,NA,37.8,7.45,6.035,367.82969,18.4079,38.84,0.005,0.41105,0,0.01,0.015,1.940051,0,0,0.025,0.025,5e-4,0.005,7.18595,0,0.25,0.246629,0.005,0.449521,0.913043,0.043473,0.97,1.28,0.01,2.77,0.87,1.48,-0.01,-0.01,0.11,0.17,0.01,454,330,452,240,0.01,0.03,0.42,-115.1,-16.26,-7.97,NA,NA,,NA,NA,,NA,NA,NA,NA,NA,NA,NA,NA,NA,NA,NA,NA,NA,NA,NA,NA,NA
WG0190,nellie_juan,2022-07-06T21:00:00Z,187,2022,6,14,NA,34.8,7.29,5.951,255.35925,12.7793,35.65,0.005,0.19945,0,0.01,0.015,4.734862,0,0.007576,0.025,0,0,0.049894,6.36419,0.025,0.25,0.357593,0.005,0.352004,0.565551,0.038535,0.63,1.25,0.02,0.81,0.72,0.35,-0.02,-0.06,1.63,2.31,0.01,441,305,426,240,0,0.01,0.5,-125.72,-17.52,-8.8,NA,NA,,NA,NA,,NA,NA,NA,NA,NA,NA,NA,NA,NA,NA,NA,NA,NA,NA,NA,NA,NA
WG0190_replicate,nellie_juan,2022-07-06T21:00:00Z,187,2022,NA,NA,NA,NA,NA,NA,NA,NA,NA,NA,NA,NA,NA,NA,NA,0,NA,NA,NA,NA,NA,NA,NA,NA,NA,NA,NA,NA,NA,NA,NA,NA,NA,NA,NA,NA,NA,NA,NA,NA,NA,NA,NA,NA,NA,NA,NA,NA,NA,NA,NA,NA,,NA,NA,,NA,NA,NA,NA,NA,NA,NA,NA,NA,NA,NA,NA,NA,NA,NA,NA,NA
WG0191,tundra,2022-07-06T21:55:00Z,187,2022,6.8,NA,NA,13.84,NA,5.79,128.94891,6.4532,15.97,0.005,0.081526,0,0.01,0.015,1.060172,0,0,0.025,0,0,0.005,2.640725,0,0.25,0.081776,0.005,0.181387,0.41926,0.017248,0.72,1.17,0.02,1.07,0.74,-0.02,0,0,0.29,0.38,0.01,453,325,430,240,0.01,0.01,0.41,-129.84,-17.79,-9.35,NA,NA,,NA,NA,,NA,NA,NA,NA,NA,NA,NA,NA,NA,NA,NA,NA,NA,NA,NA,NA,NA
WG0191_replicate,tundra,2022-07-06T21:55:00Z,187,2022,NA,NA,NA,NA,NA,NA,NA,NA,NA,0.005,0.103633,0,0.01,0.015,1.076615,NA,NA,0.025,0,NA,NA,NA,NA,NA,NA,NA,NA,NA,NA,NA,NA,NA,NA,NA,NA,NA,NA,NA,NA,NA,NA,NA,NA,NA,NA,NA,NA,NA,NA,NA,NA,NA,,NA,NA,,NA,NA,NA,NA,NA,NA,NA,NA,NA,NA,NA,NA,NA,NA,NA,NA,NA
WG0194,forest,2022-08-04T19:00:00Z,216,2022,10.4,10.6,NA,58.4,7,6.13,561.5,28.1,50.5,0.005,0.340118,0,0,0.015,2.443306,0,0,0.025,0.025,0.001421,0.016598,11.448505,0.025,0.25,0.42289,0,0.923038,0.723264,0.071963,0.91,1.43,0.01,6.12,0.93,37.74,0.11,0,0.42,0.41,0.02,458,340,452,240,0.02,0.06,0.39,-108.62,-14.68,-8.03,1.023,0.0022,>Modern,NA,-28.59,Measured,14.13,58.8,NA,NA,NA,NA,NA,NA,NA,NA,NA,NA,NA,NA,NA,NA,NA
WG0193,nellie_juan,2022-08-04T21:22:00Z,216,2022,6.5,13.7,NA,33,7.1,6.226,242.93715,12.1577,33.19,0,0.142505,0.005,0.01,0.015,4.369203,0,0.001,0.025,0,5e-4,0.030459,6.625643,0.025,0.25,0.400169,0.005,0.44531,0.409194,0.037931,0.25,1.37,-0.05,0.87,0.44,9.67,0.01,0,1.99,2.66,0.05,402,300,440,240,0.01,0.01,0.89,-120.56,-16.15,-8.8,NA,NA,,NA,NA,,NA,NA,NA,NA,NA,NA,NA,NA,NA,NA,NA,NA,NA,NA,NA,NA,NA
WG0193_replicate,nellie_juan,2022-08-04T21:22:00Z,216,2022,NA,NA,NA,NA,NA,NA,NA,NA,NA,NA,NA,NA,NA,NA,NA,NA,NA,NA,NA,NA,0.035712,7.132781,0.025,0.25,0.413404,0.005,0.450076,0.409974,0.037657,NA,NA,NA,NA,NA,NA,NA,NA,NA,NA,NA,NA,NA,NA,NA,NA,NA,NA,NA,NA,NA,NA,NA,,NA,NA,,NA,NA,NA,NA,NA,NA,NA,NA,NA,NA,NA,NA,NA,NA,NA,NA,NA
WG0196,precip_wx990,2022-08-05T20:00:00Z,217,2022,14.5,NA,NA,3.9,NA,5.334,6.6217,0.3314,4.39,0,0.128199,0,0.07,0.015,0.264692,0,0.070762,0.025,0.118009,0,0,0.420179,0.025,0.25,0.025,0.005,0.05,0.025,0.005,0.83,2.17,-0.02,1.68,0.41,-7.1,0.01,0,1.33,1.4,0.03,410,300,422,240,0.02,0.04,0.44,-105.18,-13.77,-7.61,NA,NA,,NA,NA,,NA,NA,NA,NA,NA,NA,NA,NA,NA,NA,NA,NA,NA,NA,NA,NA,NA
WG0195,tundra,2022-08-05T22:00:00Z,217,2022,10.7,10.2,NA,19.8,7.06,5.902,169.62182,8.4886,18.44,0,0.086253,0,0,0.015,1.474204,0,0,0.025,0,5e-4,0.005,4.268075,0.025,0.25,0.119691,0.005,0.383481,0.536131,0.026022,0.25,1.76,0.01,2.69,0.87,-1.19,0,0,0.16,0.14,0.01,451,347.5,446,240,0.01,0.02,0.45,-115.88,-14.91,-8.09,0.943,0.0024,470,20,-26.92,Measured,-65.18,25.5,NA,NA,NA,NA,NA,NA,NA,NA,NA,NA,NA,NA,NA,NA,NA
WG0195_replicate,tundra,2022-08-05T22:00:00Z,217,2022,NA,NA,NA,NA,NA,NA,NA,NA,NA,NA,NA,NA,NA,NA,NA,NA,0,NA,NA,0,NA,NA,NA,NA,NA,NA,NA,NA,NA,NA,NA,NA,NA,NA,NA,NA,NA,NA,NA,NA,NA,NA,NA,NA,NA,NA,NA,NA,NA,NA,NA,NA,,NA,NA,,NA,NA,NA,NA,NA,NA,NA,NA,NA,NA,NA,NA,NA,NA,NA,NA,NA
WG0197,glacier_2,2022-08-06T19:45:00Z,218,2022,NA,NA,NA,NA,NA,5.846,185.86355,9.3015,19.46,0,0.037827,0,0,0.015,1.663177,0,0,0.025,0,0.001236,0.005,4.638686,0.025,0.25,0.126717,0.005,0.209825,0.333655,0.019614,0.25,2.52,-0.07,0.64,0.72,39.92,0.01,0,1.23,1.54,0.01,456,350,400,240,0,0,0.35,-123.45,-16.48,-8.8,0.8437,0.0041,1370,40,-24.82,Measured,-163.62,8.86,NA,NA,NA,NA,NA,NA,NA,NA,NA,NA,NA,NA,NA,NA,NA
WG0198,terminus,2022-08-06T19:47:00Z,218,2022,NA,NA,NA,NA,NA,6.004,331.80976,16.6053,41.78,0.015542,0.413565,0,0,0.015,6.503124,0,0,0.025,0.025,5e-4,0.005,10.77249,0.025,0.25,0.274784,0.005,0.756163,0.346369,0.090282,0.25,1.72,-0.01,0.47,0.55,-55.26,0.01,0,1.91,2.71,0.01,426,315,440,240,0,0.01,0.63,-116.47,-15.43,-8.08,NA,NA,,NA,NA,,NA,NA,NA,NA,NA,NA,NA,NA,NA,NA,NA,NA,NA,NA,NA,NA,NA
WG0202,deep_gw_1,2022-08-06T20:10:00Z,218,2022,10.2,NA,NA,136.8,NA,6.33,1022.70795,51.1809,120.28,0.038942,1.118299,0,0,0.015,17.115015,0,0,0.025,0,5e-4,0.005,32.134037,0,0.25,0.64818,0,2.629685,1.198872,0.294026,0.57,1.7,-0.03,1.75,0.8,-2.97,0,0,0.15,0.19,0.02,416,315,440,240,0.01,0.02,0.59,-105.93,-13.93,-7.32,NA,NA,,NA,NA,,NA,NA,NA,NA,NA,NA,NA,NA,NA,NA,NA,NA,NA,NA,NA,NA,NA
WG0202_replciate,deep_gw_1,2022-08-06T20:10:00Z,218,2022,NA,NA,NA,NA,NA,NA,NA,NA,NA,0.044286,1.116802,0,0,0.015,17.139347,NA,NA,NA,NA,NA,0.005,31.703029,0,0.25,0.637627,0,2.572206,1.185054,0.294101,0.58,NA,NA,NA,NA,NA,NA,NA,NA,NA,NA,NA,NA,NA,NA,NA,NA,NA,NA,NA,NA,NA,NA,,NA,NA,,NA,NA,NA,NA,NA,NA,NA,NA,NA,NA,NA,NA,NA,NA,NA,NA,NA
WG0203,deep_gw_2,2022-08-06T20:25:00Z,218,2022,10.6,NA,NA,154.7,NA,6.432,1231.39605,61.6246,139.97,0.025493,0.106249,0,0,0.015,18.508799,0,0.004199,0.025,0,5e-4,0,40.130314,0.025,0.25,0.85331,0.005,1.648437,1.490697,0.269949,0.25,1.6,-0.03,1.26,0.86,50.62,0.01,0,0.17,0.18,0.01,432,320,400,240,0.01,0.01,0.52,-109.47,-14.51,-7.64,NA,NA,,NA,NA,,NA,NA,NA,NA,NA,NA,NA,NA,NA,NA,NA,NA,NA,NA,NA,NA,NA
WG0204,deep_gw_3,2022-08-06T20:45:00Z,218,2022,8.4,NA,NA,99,NA,6.272,859.31198,43.0039,90.49,0.017201,0.109921,0,0,0.015,7.936637,0,0,0.025,0,5e-4,0,24.006322,0,0.25,0.470427,0.005,0.797078,1.221026,0.135964,0.52,1.54,0.02,2.7,0.96,4.54,-0.02,0,0.15,0.19,0.01,444,330,426,240,0.01,0.03,0.55,-106.09,-14.12,-7.7,NA,NA,,NA,NA,,NA,NA,NA,NA,NA,NA,NA,NA,NA,NA,NA,NA,NA,NA,NA,NA,NA
WG0201,lake_outlet,2022-08-06T23:15:00Z,218,2022,13,NA,NA,32.4,NA,6.054,290.55923,14.5409,28.75,0.013339,0.103408,0,0,0.015,1.653043,0,0,0.025,0.025,0,0.01555,8.310788,0.025,0.25,0.205515,0.005,0.806738,0.995109,0.045598,0.75,1.28,0.01,3.83,0.88,-4.36,-0.02,0,0.42,0.52,0.03,442,320,424,240,0.02,0.05,0.49,-127.26,-16.93,-8.8,NA,NA,,NA,NA,,NA,NA,NA,NA,NA,NA,NA,NA,NA,NA,NA,NA,NA,NA,NA,NA,NA
WG0201_replicate,lake_outlet,2022-08-06T23:15:00Z,218,2022,NA,NA,NA,NA,NA,NA,NA,NA,NA,NA,NA,NA,NA,NA,NA,NA,NA,0.025,0.025,NA,NA,NA,NA,NA,NA,NA,NA,NA,NA,NA,NA,NA,NA,NA,NA,NA,NA,NA,NA,NA,NA,NA,NA,NA,NA,NA,NA,NA,NA,NA,NA,NA,,NA,NA,,NA,NA,NA,NA,NA,NA,NA,NA,NA,NA,NA,NA,NA,NA,NA,NA,NA
WG0199,lake_inlet,2022-08-06T23:30:00Z,218,2022,11.1,NA,NA,50.9,NA,6.113,462.20037,23.1306,43.61,0.010585,0.144554,0,0,0.015,2.670099,0,0,0.025,0.025,5e-4,0.005,13.777624,0.025,0.25,0.276582,0.005,1.02013,1.489033,0.065412,0.75,1.5,0,5.59,0.95,20.45,0.04,0,0.1,0.14,0.01,455,340,452,240,0.02,0.05,0.43,-117.09,-15.43,-7.96,NA,NA,,NA,NA,,NA,NA,NA,NA,NA,NA,NA,NA,NA,NA,NA,NA,NA,NA,NA,NA,NA
WG0200,cabin_stream,2022-08-07T04:10:00Z,218,2022,NA,NA,NA,NA,NA,6.143,474.84812,23.7636,47.14,0,0.08092,0,0,0.015,0,0,0,0.025,0,5e-4,0,15.013625,0.025,0.25,0.479351,0,0.928469,1.160555,0.065628,0.25,1.49,-0.02,3.36,0.96,34,0.01,0,0.06,0.1,0.01,458,342.5,440,240,0.01,0.03,0.44,-127.68,-16.98,-8.81,NA,NA,,NA,NA,,NA,NA,NA,NA,NA,NA,NA,NA,NA,NA,NA,NA,NA,NA,NA,NA,NA
WG0200_replicate,cabin_stream,2022-08-07T04:10:00Z,218,2022,NA,NA,NA,NA,NA,NA,NA,NA,NA,NA,NA,NA,NA,NA,NA,0,NA,NA,NA,NA,NA,NA,NA,NA,NA,NA,NA,NA,NA,NA,NA,NA,NA,NA,NA,NA,NA,NA,NA,NA,NA,NA,NA,NA,NA,NA,NA,NA,NA,NA,NA,NA,,NA,NA,,NA,NA,NA,NA,NA,NA,NA,NA,NA,NA,NA,NA,NA,NA,NA,NA,NA
WG0207,precip_stream_gauge,2022-09-02T20:00:00Z,245,2022,11.4,NA,NA,2.3,NA,5.421,12.8,0.6406,3.65,0.011165,0.114573,0,0.01,0.015,0.165134,0,0.007628,0.025,0.025,5e-4,0.005,0.296404,0.025,0.25,0.025,0.005,0.05,0.025,0.005,0.25,2.76,0.01,1.4,0.5,-17.4,0.1,-0.01,0.22,0.25,0.02,422,300,410,240,0.01,0.02,0.47,-98.31,-13.19,-7.24,NA,NA,,NA,NA,,NA,NA,NA,NA,NA,NA,NA,NA,NA,NA,NA,NA,NA,NA,NA,NA,NA
WG0205,shrub_creek,2022-09-02T21:00:00Z,245,2022,8.8,NA,98.8,52.3,6.37,6.604,482.49221,24.1461,48.63,0.020299,0.091588,0,0.04,0.015,2.924782,0,0.040514,0.025,0.069541,5e-4,0,12.763372,0.025,0.25,0.294816,0.005,0.692233,1.195295,0.059112,1,1.43,0.03,8.28,0.96,0.98,-0.03,-0.03,0.11,0.1,0.01,454,335,456,240,0.03,0.08,0.42,-115.51,-15.61,-8.6,1.0275,0.0022,>Modern,NA,-28.93,Measured,18.56,77.3,NA,NA,NA,NA,NA,NA,NA,NA,NA,NA,NA,NA,NA,NA,NA
WG0205_replicate,shrub_creek,2022-09-02T21:00:00Z,245,2022,NA,NA,NA,NA,NA,NA,NA,NA,NA,NA,NA,NA,NA,NA,NA,NA,0.040414,NA,NA,0,NA,NA,NA,NA,NA,NA,NA,NA,NA,NA,NA,NA,NA,NA,NA,NA,NA,NA,NA,NA,NA,NA,NA,NA,NA,NA,NA,NA,NA,NA,NA,NA,,NA,NA,,NA,NA,NA,NA,NA,NA,NA,NA,NA,NA,NA,NA,NA,NA,NA,NA,NA
WG0206,stream_gauge,2022-09-02T22:00:00Z,245,2022,1.6,14.2,NA,25.8,7,5.772,169.44099,8.4796,23.08,0.010655,0.061208,0,0.01,0.015,3.419824,0,0,0.025,0.025,0.002994,0.071951,5.220944,0.051812,0.25,0.24618,0.005,0.201273,0.279125,0.025066,0.25,1.17,0.01,3.01,0.51,20.29,0.08,0,14.25,54.85,0.06,412,300,402,240,0.03,0.03,0.93,-119.6,-15.01,-8.14,NA,NA,,NA,NA,,NA,NA,NA,NA,NA,NA,NA,NA,NA,NA,NA,NA,NA,NA,NA,NA,NA
WG0208,nellie_juan,2022-09-03T01:00:00Z,245,2022,7.2,NA,NA,41.6,NA,5.836,279.9752,14.0112,36.49,0.005,0.14322,0,0.01,0.015,5.773655,0,0.007936,0.025,0.025,5e-4,0.037132,8.622358,0.025,0.25,0.518477,0.005,0.553456,0.511144,0.047854,0.25,1.87,0.01,2.04,0.77,-17.4,0.1,-0.01,3.73,5.23,0.01,454,345,430,240,0.01,0.02,0.45,-118.72,-16.19,-8.49,0.9557,0.0032,365,25,-28.7,Measured,-52.58,15.18,NA,NA,NA,NA,NA,NA,NA,NA,NA,NA,NA,NA,NA,NA,NA
WG0209,forest,2022-09-03T02:00:00Z,245,2022,10.2,11.2,NA,46,NA,6.043,436.68342,21.8536,40.34,0.019172,0.401563,0,0,0.015,1.536169,0,0,0.025,0.025,0.001573,0.056382,10.475389,0.025,0.25,0.409101,0.005,1.034804,1.501189,0.061781,2.22,1.26,-0.03,12.32,0.96,15.78,0.02,0,0.12,0.14,0.02,456,325,456,240,0.04,0.13,0.34,-101.23,-13.93,-7.43,NA,NA,,NA,NA,,NA,NA,NA,NA,NA,NA,NA,NA,NA,NA,NA,NA,NA,NA,NA,NA,NA
WG0215,precip_tundra,2022-09-03T20:00:00Z,246,2022,10.4,NA,NA,3.3,NA,6.168,19.39954,0.9708,5.08,0,0.111827,0,0.02,0.015,0.227674,0,0.021118,0.025,0.025,0.002672,0.005,0.367304,0.025,0.25,0.025,0.005,0.05,0.025,0.005,0.54,2.72,-0.09,1.1,0.6,-12.89,0.01,0,0.03,0.03,0.01,412,300,409,240,0.02,0.03,0.51,-101.87,-13.69,-7.12,NA,NA,,NA,NA,,NA,NA,NA,NA,NA,NA,NA,NA,NA,NA,NA,NA,NA,NA,NA,NA,NA
WG0215_replicate,precip_tundra,2022-09-03T20:00:00Z,246,2022,NA,NA,NA,NA,NA,NA,NA,NA,NA,NA,NA,NA,NA,NA,NA,NA,0.020986,NA,NA,5e-4,NA,NA,NA,NA,NA,NA,NA,NA,NA,NA,NA,NA,NA,NA,NA,NA,NA,NA,NA,NA,NA,NA,NA,NA,NA,NA,NA,NA,NA,NA,NA,NA,,NA,NA,,NA,NA,NA,NA,NA,NA,NA,NA,NA,NA,NA,NA,NA,NA,NA,NA,NA
WG0210,terminus,2022-09-03T20:30:00Z,246,2022,0.9,NA,NA,12.9,NA,6.02,502.10657,25.1277,56.46,0.014147,0.456136,0,0,0.015,7.452635,0,0,0.025,0,5e-4,0.005,17.743249,0.025,0.25,0.433359,0.005,1.143587,0.755773,0.133461,0.25,1.55,-0.02,1.18,0.67,-14.93,0.01,0,3.09,4.14,0.01,432,315,440,240,0.01,0.01,0.57,-118.02,-15.89,-8.64,0.8527,0.0027,1280,25,-29.16,Measured,-154.7,16.94,NA,NA,NA,NA,NA,NA,NA,NA,NA,NA,NA,NA,NA,NA,NA
WG0210_replicate,terminus,2022-09-03T20:30:00Z,246,2022,NA,NA,NA,NA,NA,NA,NA,NA,NA,NA,NA,NA,NA,NA,NA,0,NA,NA,NA,NA,NA,NA,NA,NA,NA,NA,NA,NA,NA,0.25,NA,NA,NA,NA,NA,NA,NA,NA,NA,NA,NA,NA,NA,NA,NA,NA,NA,NA,NA,NA,NA,NA,,NA,NA,,NA,NA,NA,NA,NA,NA,NA,NA,NA,NA,NA,NA,NA,NA,NA,NA,NA
WG0211,deep_gw_1,2022-09-03T20:45:00Z,246,2022,8.9,NA,NA,103.4,NA,6.178,830.71161,41.5726,88.9,0.047751,0.914768,0,0,0.015,9.841537,0,0,0.025,0,5e-4,0.005,25.27326,0.025,0.25,0.498817,0.005,2.038552,1.096818,0.20449,0.25,1.54,-0.05,1.61,0.69,-67.08,0.01,0,0.22,0.29,0.02,449,335,452,240,0.01,0.02,0.78,-111.27,-14.79,-8.01,NA,NA,,NA,NA,,NA,NA,NA,NA,NA,NA,NA,NA,NA,NA,NA,NA,NA,NA,NA,NA,NA
WG0211_replicate,deep_gw_1,2022-09-03T20:45:00Z,246,2022,NA,NA,NA,NA,NA,NA,NA,NA,NA,NA,NA,NA,NA,NA,NA,NA,NA,0.025,0,NA,0.005,25.414841,0.025,0.25,0.502095,0,2.029199,1.105147,0.206052,NA,NA,NA,NA,NA,NA,NA,NA,NA,NA,NA,NA,NA,NA,NA,NA,NA,NA,NA,NA,NA,NA,NA,,NA,NA,,NA,NA,NA,NA,NA,NA,NA,NA,NA,NA,NA,NA,NA,NA,NA,NA,NA
WG0212,deep_gw_2,2022-09-03T21:02:00Z,246,2022,9.3,NA,NA,108.8,NA,6.195,957.3201,47.9086,94.07,0.019336,0.120495,0,0,0.015,8.791562,0,0,0.025,0,5e-4,0.005,28.021947,0.025,0.25,0.601625,0.005,1.133218,1.391893,0.177686,0.25,1.44,-0.05,1.96,0.97,-2.23,0,0,0.17,0.2,0.01,442,320,416,240,0.01,0.02,0.6,-107.81,-14.18,-7.57,NA,NA,,NA,NA,,NA,NA,NA,NA,NA,NA,NA,NA,NA,NA,NA,NA,NA,NA,NA,NA,NA
WG0213,deep_gw_3,2022-09-03T21:30:00Z,246,2022,7.5,NA,NA,76.8,NA,6.147,685.92502,34.3268,67.77,0.018195,0.119522,0,0,0.015,5.483665,0,0,0.025,0,0.001844,0,20.025488,0,0.25,0.375116,0.005,0.734441,1.161804,0.106456,0.25,1.73,-0.05,2.87,0.93,-5.51,0.01,0,0.17,0.26,0.01,452,350,446,240,0.01,0.02,0.53,-111.01,-14.66,-7.69,NA,NA,,NA,NA,,NA,NA,NA,NA,NA,NA,NA,NA,NA,NA,NA,NA,NA,NA,NA,NA,NA
WG0214,tundra,2022-09-03T22:10:00Z,246,2022,9.2,10.6,NA,30.4,7.36,5.994,265.1497,13.2693,28.37,0.010216,0.110027,0,0,0.015,1.958585,0,0,0.025,0.025,0.016967,0.005,7.242737,0.025,0.25,0.179381,0.005,0.596041,0.804347,0.040332,0.5,1.28,-0.03,2.89,0.91,-1.84,0.01,-0.01,0.06,0.07,0.01,442,320,454,240,0.02,0.03,0.48,-110.49,-15.01,-7.78,NA,NA,,NA,NA,,NA,NA,NA,NA,NA,NA,NA,NA,NA,NA,NA,NA,NA,NA,NA,NA,NA
WG0214_replicate,tundra,2022-09-03T22:10:00Z,246,2022,NA,NA,NA,NA,NA,NA,NA,NA,NA,0.005,0.111422,0,0,0.015,1.98802,NA,NA,NA,NA,NA,NA,NA,NA,NA,NA,NA,NA,NA,NA,NA,NA,NA,NA,NA,NA,NA,NA,NA,NA,NA,NA,NA,NA,NA,NA,NA,NA,NA,NA,NA,NA,NA,,NA,NA,,NA,NA,NA,NA,NA,NA,NA,NA,NA,NA,NA,NA,NA,NA,NA,NA,NA
WG0216,glacier_2,2022-09-04T00:50:00Z,246,2022,1.9,NA,NA,31.9,NA,5.951,249.64871,12.4936,28.58,0.005,0.053097,0,0,0.015,2.58876,0,0,0.025,0,0.001143,0.017572,6.644333,0.025,0.25,0.184222,0.005,0.277679,0.394782,0.026096,0.25,1.36,-0.07,0.44,0.59,0.05,0,0,2.13,2.46,0,420,300,436,240,0,0.01,0.51,-125.57,-17,-8.9,NA,NA,,NA,NA,,NA,NA,NA,NA,NA,NA,NA,NA,NA,NA,NA,NA,NA,NA,NA,NA,NA
WG0218,precip_wx990,2022-09-04T20:00:00Z,247,2022,11.1,NA,NA,4.1,NA,5.469,21.83508,1.0927,4.99,0.005,0.117597,0,0.03,0.06,0.230601,0.139209,0.022635,0.062147,0.371101,0.041542,0.005,0.285497,0.025,0.25,0.025,0.005,0.05,0.025,0.005,0.52,2.46,-0.03,9.98,0.64,-9.41,0.01,0,0.17,0.21,0.02,412,340,410,280,0.03,0.08,0.33,-113.7,-15.08,-7.88,NA,NA,,NA,NA,,NA,NA,NA,NA,NA,NA,NA,NA,NA,NA,NA,NA,NA,NA,NA,NA,NA
WG0217,cabin_stream,2022-09-05T02:00:00Z,247,2022,9.7,NA,NA,58.5,NA,6.062,500.23697,25.0341,53.63,0.030918,0.272776,0,0,0.015,4.899357,0.012275,0,0.025,0.07831,0.003951,0.005,13.774765,0.025,0.25,0.440016,0.005,0.781754,1.114686,0.060724,0.25,1.44,-0.05,3.22,0.96,130.62,0.01,0,0.06,0.07,0.01,458,335,458,240,0.01,0.03,0.45,-119.23,-15.42,-8.05,NA,NA,,NA,NA,,NA,NA,NA,NA,NA,NA,NA,NA,NA,NA,NA,NA,NA,NA,NA,NA,NA
WG0223,cabin_stream,2022-09-05T15:00:00Z,248,2022,5.6,11.5,91.6,59.7,7.76,6.116,525.67409,26.3071,55.86,0.031847,0.159439,0,0,0.015,0,0,0,0.025,0,0,0,10.852747,0,0.25,0.360142,0,0.609571,1.416404,0.063815,0.25,NA,NA,NA,NA,NA,NA,NA,NA,NA,NA,NA,NA,NA,NA,NA,NA,NA,-120.66,-16,-8.44,NA,NA,,NA,NA,,NA,NA,NA,NA,NA,NA,NA,NA,NA,NA,NA,NA,NA,NA,NA,NA,NA
WG0224,cabin_stream,2022-09-05T18:00:00Z,248,2022,6.9,11.2,92.1,58.9,7.8,6.175,516.64726,25.8554,55.91,0.01848,0,0,0,0.015,4.438986,0,0,0.025,0,0.001431,0,11.465635,0,0.25,0.375143,0,0.650248,1.318593,0.070691,0.5,1.45,-0.04,3.33,0.97,-341.9,0.01,0,0.06,0.07,0.01,456,335,444,240,0.01,0.03,0.46,-120.3,-15.94,-8.38,NA,NA,,NA,NA,,NA,NA,NA,NA,NA,NA,NA,NA,NA,NA,NA,NA,NA,NA,NA,NA,NA
WG0224_replicate,cabin_stream,2022-09-05T18:00:00Z,248,2022,NA,NA,NA,NA,NA,NA,NA,NA,NA,0.023484,0.148512,0,0,0.015,4.387567,NA,NA,NA,NA,NA,NA,NA,NA,NA,NA,NA,NA,NA,NA,NA,NA,NA,NA,NA,NA,NA,NA,NA,NA,NA,NA,NA,NA,NA,NA,NA,NA,NA,NA,NA,NA,NA,,NA,NA,,NA,NA,NA,NA,NA,NA,NA,NA,NA,NA,NA,NA,NA,NA,NA,NA,NA
WG0225,cabin_stream,2022-09-05T21:00:00Z,248,2022,9.4,10.5,92,58.4,7.84,6.751,514.18685,25.7322,57.45,0.025363,0.153673,0,0,0.015,4.407837,0,0,0.025,0,5e-4,0.005,10.660331,0,0.25,0.339101,0,0.601014,1.434656,0.066552,0.25,1.45,-0.02,3.38,0.92,-29.26,0.02,0,0.07,0.08,0.01,460,330,444,240,0.01,0.03,0.46,-120.2,-15.93,-8.45,NA,NA,,NA,NA,,NA,NA,NA,NA,NA,NA,NA,NA,NA,NA,NA,NA,NA,NA,NA,NA,NA
WG0225_replicate,cabin_stream,2022-09-05T21:00:00Z,248,2022,NA,NA,NA,NA,NA,NA,NA,NA,NA,NA,NA,NA,NA,NA,NA,NA,0,NA,NA,0,NA,NA,NA,NA,NA,NA,NA,NA,NA,NA,NA,NA,NA,NA,NA,NA,NA,NA,NA,NA,NA,NA,NA,NA,NA,NA,NA,NA,NA,NA,NA,NA,,NA,NA,,NA,NA,NA,NA,NA,NA,NA,NA,NA,NA,NA,NA,NA,NA,NA,NA,NA
WG0226,cabin_stream,2022-09-06T00:00:00Z,248,2022,10.2,10.4,92.1,58.4,7.85,6.146,510.17544,25.5315,55.55,0.022263,0.165336,0,0,0.015,4.392291,0,0,0.025,0,5e-4,0.005,10.870779,0,0.25,0.345231,0,0.634203,1.439219,0.070661,0.25,1.3,-0.01,3.55,0.96,0,0.03,0,0.06,0.07,0.01,442,325,440,240,0.01,0.03,0.43,-121.12,-16.1,-8.47,NA,NA,,NA,NA,,NA,NA,NA,NA,NA,NA,NA,NA,NA,NA,NA,NA,NA,NA,NA,NA,NA
WG0219,shallow_gw_1,2022-09-06T01:18:00Z,248,2022,6,NA,NA,42.1,NA,5.993,372.66937,18.6501,38.76,0.026162,0.16503,0,0,0.015,2.547359,0,0,0.025,0.025,0.001194,0.005,9.168625,0.025,0.25,0.317795,0.005,0.918613,1.899801,0.046388,0.68,1.64,-0.05,4.31,0.96,-10.77,0.01,0,0.06,0.04,0.01,451,335,446,240,0.02,0.04,0.48,-110.67,-14.72,-7.68,NA,NA,,NA,NA,,NA,NA,NA,NA,NA,NA,NA,NA,NA,NA,NA,NA,NA,NA,NA,NA,NA
WG0221,lake_outlet,2022-09-06T02:12:00Z,248,2022,11.6,NA,NA,35.4,NA,6.028,362.76347,18.1543,36.71,0.02303,0.147918,0,0.01,0.015,1.943046,0,0,0.025,0.025,5e-4,0.012698,7.094764,0.025,0.25,0.169343,0.005,0.556511,1.383576,0.053508,1.07,1.33,-0.08,5.66,0.95,-19.25,0.01,0,0.17,0.19,0.02,450,330,446,240,0.03,0.06,0.43,-114.29,-15.11,-7.97,NA,NA,,NA,NA,,NA,NA,NA,NA,NA,NA,NA,NA,NA,NA,NA,NA,NA,NA,NA,NA,NA
WG0221_replicate,lake_outlet,2022-09-06T02:12:00Z,248,2022,NA,NA,NA,NA,NA,NA,NA,NA,NA,NA,NA,NA,NA,NA,NA,NA,NA,0.025,0.025,NA,NA,NA,NA,NA,NA,NA,NA,NA,NA,1.11,NA,NA,NA,NA,NA,NA,NA,NA,NA,NA,NA,NA,NA,NA,NA,NA,NA,NA,NA,NA,NA,NA,,NA,NA,,NA,NA,NA,NA,NA,NA,NA,NA,NA,NA,NA,NA,NA,NA,NA,NA,NA
WG0220,shallow_gw_2,2022-09-06T02:34:00Z,248,2022,14.2,NA,NA,26.2,NA,5.927,230.65179,11.5429,24.16,0.017434,0.10811,0,0,0.015,0.942829,0,0,0.025,0.061262,0.001074,0.036581,5.195591,0.025,0.25,0.222678,0.005,0.788234,1.919672,0.026038,2.99,1.28,0.07,24.13,0.96,-0.8,-0.03,0.03,0.28,0.29,0.04,454,335,452,240,0.09,0.23,0.37,-106.45,-14.11,-7.54,NA,NA,,NA,NA,,NA,NA,NA,NA,NA,NA,NA,NA,NA,NA,NA,NA,NA,NA,NA,NA,NA
WG0220_replicate,shallow_gw_2,2022-09-06T02:34:00Z,248,2022,NA,NA,NA,NA,NA,NA,NA,NA,NA,NA,NA,NA,NA,NA,NA,0,NA,NA,NA,NA,0.054553,5.128951,0.025,0.25,0.224203,0.005,0.77745,1.936862,0.026158,NA,NA,NA,NA,NA,NA,NA,NA,NA,NA,NA,NA,NA,NA,NA,NA,NA,NA,NA,NA,NA,NA,NA,,NA,NA,,NA,NA,NA,NA,NA,NA,NA,NA,NA,NA,NA,NA,NA,NA,NA,NA,NA
WG0222,lake_inlet,2022-09-06T02:55:00Z,248,2022,13.2,NA,NA,46.7,NA,6.105,442.64792,22.1521,44.71,0.027584,0.184489,0,0,0.015,2.544583,0,0,0.025,0.025,5e-4,0.010228,9.411559,0,0.25,0.196994,0,0.667871,1.631278,0.059919,0.89,NA,NA,NA,NA,NA,NA,NA,NA,NA,NA,NA,NA,NA,NA,NA,NA,NA,-108.96,-14.39,-7.6,NA,NA,,NA,NA,,NA,NA,NA,NA,NA,NA,NA,NA,NA,NA,NA,NA,NA,NA,NA,NA,NA
WG0227,cabin_stream,2022-09-06T03:00:00Z,248,2022,9.1,10.6,91.9,58.7,7.82,6.14,518.75,25.9606,55.46,0.022926,0.160002,0,0,0.015,4.354483,0,0,0.025,0,0.00213,0,11.366839,0,0.25,0.365673,0,0.66074,1.490494,0.0664,0.25,1.42,-0.03,3.5,0.93,-6.48,0.01,0,0.06,0.08,0.01,454,340,456,240,0.01,0.03,0.44,-120.66,-16.12,-8.52,NA,NA,,NA,NA,,NA,NA,NA,NA,NA,NA,NA,NA,NA,NA,NA,NA,NA,NA,NA,NA,NA
WG0228,cabin_stream,2022-09-06T06:00:00Z,248,2022,7.6,10.9,91.6,59.5,7.78,6.161,526.26781,26.3368,56.67,0.020606,0.144089,0,0,0.015,4.376229,0,0,0.025,0,5e-4,0.005,12.116115,0,0.25,0.391868,0,0.701917,1.46154,0.06794,0.25,1.6,0,3.89,0.93,28.59,0.05,0,0.06,0.06,0.01,458,345,452,240,0.02,0.03,0.47,-121.01,-15.95,-8.49,NA,NA,,NA,NA,,NA,NA,NA,NA,NA,NA,NA,NA,NA,NA,NA,NA,NA,NA,NA,NA,NA
WG0229,cabin_stream,2022-09-06T09:00:00Z,249,2022,7.5,11,91.6,59.6,7.77,6.193,528.83295,26.4652,56.99,0.022354,0.139722,0,0,0.015,4.361041,0,0,0.025,0,5e-4,0.005,11.303373,0,0.25,0.354653,0,0.630204,1.436871,0.068537,0.25,1.38,-0.05,2.71,0.92,15.11,0.01,0,0.07,0.08,0.01,448,315,452,240,0.01,0.03,0.5,-120.35,-15.93,-8.48,NA,NA,,NA,NA,,NA,NA,NA,NA,NA,NA,NA,NA,NA,NA,NA,NA,NA,NA,NA,NA,NA
WG0229_replicate,cabin_stream,2022-09-06T09:00:00Z,249,2022,NA,NA,NA,NA,NA,NA,NA,NA,NA,NA,NA,NA,NA,NA,NA,NA,NA,NA,NA,NA,0,11.350417,0,0.25,0.352869,0,0.638366,1.439855,0.0712,NA,NA,NA,NA,NA,NA,NA,NA,NA,NA,NA,NA,NA,NA,NA,NA,NA,NA,NA,NA,NA,NA,NA,,NA,NA,,NA,NA,NA,NA,NA,NA,NA,NA,NA,NA,NA,NA,NA,NA,NA,NA,NA
WG0230,cabin_stream,2022-09-06T12:00:00Z,249,2022,7.1,11.1,91.7,59.7,7.77,6.18,527.17949,26.3825,56.9,0.028184,0.151942,0,0,0.015,4.31712,0,0,0.025,0,5e-4,0.005,11.096886,0,0.25,0.361349,0.005,0.627435,1.347941,0.074361,0.25,1.3,-0.04,2.9,0.94,-14.18,0.01,0,0.03,0.04,0.01,458,325,444,240,0.01,0.03,0.46,-120.56,-15.98,-8.48,NA,NA,,NA,NA,,NA,NA,NA,NA,NA,NA,NA,NA,NA,NA,NA,NA,NA,NA,NA,NA,NA
WG0230_replciate,cabin_stream,2022-09-06T12:00:00Z,249,2022,NA,NA,NA,NA,NA,NA,NA,NA,NA,NA,NA,NA,NA,NA,NA,0,NA,NA,NA,NA,NA,NA,NA,NA,NA,NA,NA,NA,NA,NA,NA,NA,NA,NA,NA,NA,NA,NA,NA,NA,NA,NA,NA,NA,NA,NA,NA,NA,NA,NA,NA,NA,,NA,NA,,NA,NA,NA,NA,NA,NA,NA,NA,NA,NA,NA,NA,NA,NA,NA,NA,NA
WG0231,glacier_2,2022-09-06T18:00:00Z,249,2022,1,13.1,91.9,36.6,8.02,6.11,307.44741,15.3861,35.9,0.547853,0.966697,2.034257,0.43,1.04,1.998751,0,0,0.025,0,0.001306,0.005,7.067856,0.025,0.25,0.198146,0.005,0.269882,0.472464,0.032405,0.25,1.95,-0.05,0.78,0.6,-24.1,0.01,0,2.66,3.54,0,452,350,424,240,0,0.01,0.59,-124.8,-16.77,-8.9,NA,NA,,NA,NA,,NA,NA,NA,NA,NA,NA,NA,NA,NA,NA,NA,NA,NA,NA,NA,NA,NA
WG0231_replicate,glacier_2,2022-09-06T18:00:00Z,249,2022,NA,NA,NA,NA,NA,NA,NA,NA,NA,NA,NA,NA,NA,NA,NA,NA,NA,0.025,0.025,NA,NA,NA,NA,NA,NA,NA,NA,NA,NA,0.25,NA,NA,NA,NA,NA,NA,NA,NA,NA,NA,NA,NA,NA,NA,NA,NA,NA,NA,NA,NA,NA,NA,,NA,NA,,NA,NA,NA,NA,NA,NA,NA,NA,NA,NA,NA,NA,NA,NA,NA,NA,NA
WG0232,shallow_gw_3,2022-09-06T22:08:00Z,249,2022,6.6,NA,NA,33.8,NA,6.084,448.43569,22.4418,51.95,0.022647,0.214169,0,0,0.015,4.927616,0,0,0.025,0.025,5e-4,0,10.163381,0,0.25,0.275609,0,0.786433,2.043266,0.059338,0.79,1.5,-0.04,4.52,0.96,-4.95,0.01,0,0.3,0.32,0.01,451,340,446,240,0.02,0.04,0.45,-118.71,-15.78,-8.42,NA,NA,,NA,NA,,NA,NA,NA,NA,NA,NA,NA,NA,NA,NA,NA,NA,NA,NA,NA,NA,NA
WG0233,shallow_gw_4,2022-09-06T22:43:00Z,249,2022,11.8,NA,NA,15.8,NA,5.946,113.07735,5.6589,15.73,0.005,0.184167,0,0,0.015,1.406524,0,0,0.025,0.025,5e-4,0,2.539845,0,0.25,0.078509,0.005,0.403174,1.263999,0.012867,1.27,1.32,0,8.23,0.94,36.03,0.04,0,0.18,0.24,0.03,456,335,452,240,0.04,0.09,0.42,-107.24,-13.92,-7.43,NA,NA,,NA,NA,,NA,NA,NA,NA,NA,NA,NA,NA,NA,NA,NA,NA,NA,NA,NA,NA,NA
WG0234,shallow_gw_5,2022-09-06T23:18:00Z,249,2022,11.1,NA,NA,59.1,NA,6.112,526.44865,26.3459,55.81,0.035492,0.237373,0,0,0.015,4.274321,0.005,0,0.025,0.087291,0,0.005,10.556088,0,0.25,0.334012,0,0.66736,1.410065,0.075308,0.96,1.41,0.01,7.54,0.91,-183.08,0.11,0,0.26,0.33,0.03,460,340,452,240,0.04,0.07,0.49,-119.07,-15.61,-8.34,NA,NA,,NA,NA,,NA,NA,NA,NA,NA,NA,NA,NA,NA,NA,NA,NA,NA,NA,NA,NA,NA
WG0234_replicate,shallow_gw_5,2022-09-06T23:18:00Z,249,2022,NA,NA,NA,NA,NA,NA,NA,NA,NA,0.043221999999999997,0.245228,0,0.01,0.015,4.283163,NA,NA,NA,NA,NA,NA,NA,NA,NA,NA,NA,NA,NA,NA,NA,NA,NA,NA,NA,NA,NA,NA,NA,NA,NA,NA,NA,NA,NA,NA,NA,NA,NA,NA,NA,NA,NA,,NA,NA,,NA,NA,NA,NA,NA,NA,NA,NA,NA,NA,NA,NA,NA,NA,NA,NA,NA
WG0361,precip_wx990,2022-09-18T20:00:00Z,261,2022,NA,NA,NA,NA,NA,5.875,6.62983,0.3318,3.73,0,0.134769,0,0,0.015,0.093496,0,0,0.025,0,0,0.005,0.025,0,0,0.025,0.005,0.05,0,0,0.25,2.77,-0.02,0.98,0.31,0.79,0,0,0.23,0.33,0,448,350,420,240,0,0.01,0.29,-126.69,-16.93,-8.94,NA,NA,,NA,NA,,NA,NA,NA,NA,NA,NA,NA,NA,NA,NA,NA,NA,NA,NA,NA,NA,NA
WG0361_replicate,precip_wx990,2022-09-18T20:00:00Z,261,2022,NA,NA,NA,NA,NA,NA,NA,NA,NA,0,0.133268,0,0,0.015,0.092765,NA,0,NA,NA,0,NA,NA,NA,NA,NA,NA,NA,NA,NA,NA,NA,NA,NA,NA,NA,NA,NA,NA,NA,NA,NA,NA,NA,NA,NA,NA,NA,NA,NA,NA,NA,NA,,NA,NA,,NA,NA,NA,NA,NA,NA,NA,NA,NA,NA,NA,NA,NA,NA,NA,NA,NA
WG0364,precip_stream_gauge,2022-10-07T20:00:00Z,280,2022,NA,NA,NA,NA,NA,5.676,11.48325,0.5747,3.15,0,0.189492,0,0.01,0.015,0.114817,0,0.003896,0.025,0,5e-4,0.005,0.025,0,0.25,0.025,0.005,0.109879,0,0,0.25,3.24,-0.08,0.79,0.41,-39.06,0,0,0.08,0.05,0,456,350,420,240,0,0.01,0.32,-97.3,-13.46,-7.16,NA,NA,,NA,NA,,NA,NA,NA,NA,NA,NA,NA,NA,NA,NA,NA,NA,NA,NA,NA,NA,NA
WG0364_replicate,precip_stream_gauge,2022-10-07T20:00:00Z,280,2022,NA,NA,NA,NA,NA,NA,NA,NA,NA,NA,NA,NA,NA,NA,NA,NA,NA,NA,NA,NA,0,0.025,0,0.25,0.025,0.005,0.116027,0,0,NA,NA,NA,NA,NA,NA,NA,NA,NA,NA,NA,NA,NA,NA,NA,NA,NA,NA,NA,NA,NA,NA,NA,,NA,NA,,NA,NA,NA,NA,NA,NA,NA,NA,NA,NA,NA,NA,NA,NA,NA,NA,NA
WG0362,shrub_creek,2022-10-07T23:00:00Z,280,2022,6.3,NA,NA,54,7.2,5.945,495.55149,24.7996,50.49,0.005,0.244808,0,0.1,0.015,3.010316,0,0.057987,0.025,0.112624,5e-4,0.005,10.829815,0,0.25,0.267586,0,0.62042,1.561631,0.06555,0.9,1.41,-0.07,5.38,0.94,9.66,0.01,0,0.08,0.08,0.01,452,337.5,438,240,0.02,0.05,0.43,-107.11,-14.69,-7.74,NA,NA,,NA,NA,,NA,NA,NA,NA,NA,NA,NA,NA,NA,NA,NA,NA,NA,NA,NA,NA,NA
WG0363,stream_gauge,2022-10-08T00:00:00Z,280,2022,1.5,13.6,NA,42,7,NA,NA,NA,NA,0.012353,0.206471,0,0,0.015,6.132402,0,0.004168,0.025,0.025,5e-4,0.061894,8.010294,0.063607,0.25,0.325821,0.005,0.389949,0.463507,0.049739,0.25,1.8,0,1.76,0.5,8.7,0.04,0,10.25,25.19,0.02,456,347.5,460,240,0.01,0.01,0.82,-113.68,-15.74,-8.32,NA,NA,,NA,NA,,NA,NA,NA,NA,NA,NA,NA,NA,NA,NA,NA,NA,NA,NA,NA,NA,NA
WG0365,shrub_creek,2022-10-14T17:50:00Z,287,2022,0.5,NA,NA,62.3,7.3,6.048,544.58408,27.2535,55.65,0.005,0.246763,0,0.14,0.015,3.313987,0,0.116753,0.025,0.147841,0.001142,0.005,11.923619,0.025,0.25,0.3026,0.005,0.63178,1.535431,0.081705,0.84,1.4,-0.03,5.55,0.94,0.9,0,0,0.05,0.06,0.01,456,340,448,240,0.02,0.05,0.42,-110.35,-14.46,-7.73,NA,NA,,NA,NA,,NA,NA,NA,NA,NA,NA,NA,NA,NA,NA,NA,NA,NA,NA,NA,NA,NA
WG0366,stream_gauge,2022-10-14T18:15:00Z,287,2022,0.3,14.5,NA,58.7,7.16,5.989,326.68269,16.3487,53.44,0.005,0.176895,0,0.02,0.015,10.116349,0,0.009528,0.025,0,0,0.04135,9.72486,0.025,0.25,0.506466,0.005,0.490392,0.459431,0.065636,0.25,NA,NA,NA,NA,NA,NA,NA,NA,NA,NA,NA,NA,NA,NA,NA,NA,NA,-123.07,-16.92,-8.93,NA,NA,,NA,NA,,NA,NA,NA,NA,NA,NA,NA,NA,NA,NA,NA,NA,NA,NA,NA,NA,NA
WG0366_replicate,stream_gauge,2022-10-14T18:15:00Z,287,2022,NA,NA,NA,NA,NA,NA,NA,NA,NA,NA,NA,NA,NA,NA,NA,0,NA,NA,NA,NA,NA,NA,NA,NA,NA,NA,NA,NA,NA,NA,NA,NA,NA,NA,NA,NA,NA,NA,NA,NA,NA,NA,NA,NA,NA,NA,NA,NA,NA,NA,NA,NA,,NA,NA,,NA,NA,NA,NA,NA,NA,NA,NA,NA,NA,NA,NA,NA,NA,NA,NA,NA
WG0367,precip_nellie_juan,2022-10-14T20:00:00Z,287,2022,NA,NA,NA,NA,NA,5.593,6.69456,0.335,4.27,0,0.453732,0,0.01,0.015,0.137736,0,0.004359,0.025,0.025,0,0,0.025,0,0.25,0.025,0.005,0.255458,0,0.005,0.25,NA,NA,NA,NA,NA,NA,NA,NA,NA,NA,NA,NA,NA,NA,NA,NA,NA,-94.31,-13.03,-6.88,NA,NA,,NA,NA,,NA,NA,NA,NA,NA,NA,NA,NA,NA,NA,NA,NA,NA,NA,NA,NA,NA
WG0367_replicate,precip_nellie_juan,2022-10-14T20:00:00Z,287,2022,NA,NA,NA,NA,NA,NA,NA,NA,NA,NA,NA,NA,NA,NA,NA,NA,NA,0.025,0.025,NA,NA,NA,NA,NA,NA,NA,NA,NA,NA,NA,NA,NA,NA,NA,NA,NA,NA,NA,NA,NA,NA,NA,NA,NA,NA,NA,NA,NA,NA,NA,NA,NA,,NA,NA,,NA,NA,NA,NA,NA,NA,NA,NA,NA,NA,NA,NA,NA,NA,NA,NA,NA
WG0368,nellie_juan,2022-10-14T21:45:00Z,287,2022,2.8,14.7,108.7,67,7.33,6.03,426.5233,21.3452,61.2,0.005,0.332585,0,0.06,0.015,9.533343,0,0.05705,0.025,0.052502,5e-4,0.012955,11.548788,0.025,0.25,0.712295,0.005,0.769686,0.958499,0.085397,0.25,1.52,0.03,1.58,0.96,35.73,0.01,0,0.36,0.48,0,458,340,440,240,0.01,0.01,0.4,-115.13,-15.77,-8.21,NA,NA,,NA,NA,,NA,NA,NA,NA,NA,NA,NA,NA,NA,NA,NA,NA,NA,NA,NA,NA,NA
WG0369,forest,2022-10-14T23:05:00Z,287,2022,3.5,13.2,99.3,59,7.46,6.212,558.02469,27.9261,55.62,0.010409,0.618491,0,0.01,0.015,1.931417,0,0,0.025,0.025,5e-4,0.022475,10.650679,0.025,0.25,0.42428,0.005,0.913979,1.812186,0.089984,1.45,1.37,0.02,8.04,0.97,7.3,0.01,0,0.11,0.12,0.01,414,325,446,240,0.03,0.08,0.36,-100.73,-13.94,-7.3,NA,NA,,NA,NA,,NA,NA,NA,NA,NA,NA,NA,NA,NA,NA,NA,NA,NA,NA,NA,NA,NA
NA,cabin_groundwater,NA,NA,NA,NA,NA,NA,NA,NA,NA,NA,NA,NA,NA,NA,NA,NA,NA,NA,NA,NA,NA,NA,NA,NA,NA,NA,NA,NA,NA,NA,NA,NA,NA,NA,NA,NA,NA,NA,NA,NA,NA,NA,NA,NA,NA,NA,NA,NA,NA,NA,-117.78,-15.85,NA,NA,NA,NA,NA,NA,NA,NA,NA,NA,NA,NA,NA,NA,NA,NA,NA,NA,NA,NA,NA,NA,NA,NA
